Mês/Ano	UF	Casa popular	Comercial salas e lojas	Conjunto habitacional popular	Edifício de Garagens	Galpão industrial	Residencial multifamiliar	Residencial unifamiliar
06/2021	AC	1.143,96	1.596,68	1.143,96	1.596,68	753,22	1.633,43	1.879,67
07/2021	AC	1.164,32	1.625,10	1.164,32	1.625,10	766,63	1.662,51	1.913,13
08/2021	AC	1.192,96	1.665,08	1.192,96	1.665,08	785,49	1.703,41	1.960,19
09/2021	AC	1.215,51	1.696,55	1.215,51	1.696,55	800,34	1.735,60	1.997,24
10/2021	AC	1.227,54	1.713,35	1.227,54	1.713,35	808,26	1.752,78	2.017,01
11/2021	AC	1.237,97	1.727,91	1.237,97	1.727,91	815,13	1.767,68	2.034,15
12/2021	AC	1.250,23	1.745,02	1.250,23	1.745,02	823,20	1.785,18	2.054,29
01/2022	AC	1.180,61	2.115,20	1.180,61	2.115,20	953,66	1.833,57	1.982,12
02/2022	AC	1.186,39	2.125,56	1.186,39	2.125,56	958,33	1.842,55	1.991,83
03/2022	AC	1.195,05	2.141,08	1.195,05	2.141,08	965,33	1.856,00	2.006,37
04/2022	AC	1.201,38	2.152,43	1.201,38	2.152,43	970,45	1.865,84	2.017,00
05/2022	AC	1.213,75	2.174,60	1.213,75	2.174,60	980,45	1.885,06	2.037,78
06/2022	AC	1.227,83	2.199,83	1.227,83	2.199,83	991,82	1.906,93	2.061,42
07/2022	AC	1.254,72	2.248,01	1.254,72	2.248,01	1.013,54	1.948,69	2.106,57
08/2022	AC	1.275,92	2.286,00	1.275,92	2.286,00	1.030,67	1.981,62	2.142,17
09/2022	AC	1.294,80	2.319,83	1.294,80	2.319,83	1.045,92	2.010,95	2.173,87
10/2022	AC	1.302,18	2.333,05	1.302,18	2.333,05	1.051,88	2.022,41	2.186,26
11/2022	AC	1.307,91	2.343,32	1.307,91	2.343,32	1.056,51	2.031,31	2.195,88
12/2022	AC	1.313,14	2.352,69	1.313,14	2.352,69	1.060,74	2.039,44	2.204,66
01/2023	AC	1.385,23	2.499,50	1.385,23	2.499,50	1.217,47	2.230,89	2.638,19
02/2023	AC	1.386,34	2.501,50	1.386,34	2.501,50	1.218,44	2.232,67	2.640,30
03/2023	AC	1.391,05	2.510,01	1.391,05	2.510,01	1.222,58	2.240,26	2.649,28
04/2023	AC	1.392,02	2.511,77	1.392,02	2.511,77	1.223,44	2.241,83	2.651,13
05/2023	AC	1.394,94	2.517,04	1.394,94	2.517,04	1.226,01	2.246,54	2.656,70
06/2023	AC	1.398,57	2.523,58	1.398,57	2.523,58	1.229,20	2.252,38	2.663,61
07/2023	AC	1.404,30	2.533,93	1.404,30	2.533,93	1.234,24	2.261,61	2.674,53
08/2023	AC	1.410,62	2.545,33	1.410,62	2.545,33	1.239,79	2.271,79	2.686,57
09/2023	AC	1.414,01	2.551,44	1.414,01	2.551,44	1.242,77	2.277,24	2.693,02
10/2023	AC	1.416,98	2.556,80	1.416,98	2.556,80	1.245,38	2.282,02	2.698,68
11/2023	AC	1.417,55	2.557,82	1.417,55	2.557,82	1.245,88	2.282,93	2.699,76
12/2023	AC	1.419,68	2.561,66	1.419,68	2.561,66	1.247,75	2.286,35	2.703,81
01/2024	AC	1.477,75	2.582,64	1.477,75	2.582,64	1.221,18	2.311,69	2.677,20
02/2024	AC	1.481,59	2.589,35	1.481,59	2.589,35	1.224,36	2.317,70	2.684,16
03/2024	AC	1.484,55	2.594,53	1.484,55	2.594,53	1.226,81	2.322,34	2.689,53
04/2024	AC	1.486,63	2.598,16	1.486,63	2.598,16	1.228,53	2.325,59	2.693,30
05/2024	AC	1.487,67	2.599,98	1.487,67	2.599,98	1.229,39	2.327,22	2.695,19
06/2024	AC	1.494,07	2.611,16	1.494,07	2.611,16	1.234,68	2.337,23	2.706,78
07/2024	AC	1.496,76	2.615,86	1.496,76	2.615,86	1.236,90	2.341,44	2.711,65
08/2024	AC	1.505,89	2.631,82	1.505,89	2.631,82	1.244,45	2.355,72	2.728,19
09/2024	AC	1.512,06	2.642,61	1.512,06	2.642,61	1.249,55	2.365,38	2.739,38
10/2024	AC	1.521,74	2.659,52	1.521,74	2.659,52	1.257,55	2.380,52	2.756,91
11/2024	AC	1.526,76	2.668,30	1.526,76	2.668,30	1.261,70	2.388,38	2.766,01
12/2024	AC	1.534,55	2.681,91	1.534,55	2.681,91	1.268,13	2.400,56	2.780,12
01/2025	AC	1.701,10	3.162,47	1.701,10	3.162,47	1.450,54	2.825,60	3.211,95
02/2025	AC	1.704,67	3.169,11	1.704,67	3.169,11	1.453,59	2.831,53	3.218,70
03/2025	AC	1.713,88	3.186,22	1.713,88	3.186,22	1.461,44	2.846,82	3.236,08
04/2025	AC	1.717,65	3.193,23	1.717,65	3.193,23	1.464,66	2.853,08	3.243,20
05/2025	AC	1.723,66	3.204,41	1.723,66	3.204,41	1.469,79	2.863,07	3.254,55
06/2025	AC	1.731,93	3.219,79	1.731,93	3.219,79	1.476,84	2.876,81	3.270,17
07/2025	AC	1.739,38	3.233,64	1.739,38	3.233,64	1.483,19	2.889,18	3.284,23
08/2025	AC	1.755,38	3.263,39	1.755,38	3.263,39	1.496,84	2.915,76	3.314,44
09/2025	AC	1.761,00	3.273,83	1.761,00	3.273,83	1.501,63	2.925,09	3.325,05
10/2025	AC	1.775,26	3.300,35	1.775,26	3.300,35	1.513,79	2.948,78	3.351,98
11/2025	AC	1.784,14	3.316,85	1.784,14	3.316,85	1.521,36	2.963,52	3.368,74
12/2025	AC	1.788,96	3.325,81	1.788,96	3.325,81	1.525,47	2.971,52	3.377,84
01/2026	AC	2.056,69	3.810,12	2.056,69	3.810,12	1.761,42	3.440,56	4.070,64
02/2026	AC	2.067,59	3.830,32	2.067,59	3.830,32	1.770,75	3.458,80	4.092,22
03/2026	AC	2.074,00	3.842,19	2.074,00	3.842,19	1.776,24	3.469,52	4.104,91
04/2026	AC	2.078,56	3.850,64	2.078,56	3.850,64	1.780,15	3.477,15	4.113,94
05/2026	AC	2.086,46	3.865,27	2.086,46	3.865,27	1.786,91	3.490,36	4.129,57
06/2026	AC	2.101,27	3.892,71	2.101,27	3.892,71	1.799,60	3.515,14	4.158,89
07/2026	AC	2.108,41	3.905,95	2.108,41	3.905,95	1.805,72	3.527,09	4.173,03
08/2026	AC	2.134,13	3.953,60	2.134,13	3.953,60	1.827,75	3.570,12	4.223,94
06/2021	AL	1.022,72	1.812,39	1.022,72	1.812,39	831,70	1.632,61	1.857,43
07/2021	AL	1.040,92	1.844,65	1.040,92	1.844,65	846,50	1.661,67	1.890,49
08/2021	AL	1.066,53	1.890,03	1.066,53	1.890,03	867,32	1.702,55	1.937,00
09/2021	AL	1.086,69	1.925,75	1.086,69	1.925,75	883,71	1.734,73	1.973,61
10/2021	AL	1.097,45	1.944,81	1.097,45	1.944,81	892,46	1.751,90	1.993,15
11/2021	AL	1.106,78	1.961,34	1.106,78	1.961,34	900,05	1.766,79	2.010,09
12/2021	AL	1.117,74	1.980,76	1.117,74	1.980,76	908,96	1.784,28	2.029,99
01/2022	AL	1.118,81	1.941,33	1.118,81	1.941,33	896,66	1.743,13	1.949,71
02/2022	AL	1.124,29	1.950,84	1.124,29	1.950,84	901,05	1.751,67	1.959,26
03/2022	AL	1.132,50	1.965,08	1.132,50	1.965,08	907,63	1.764,46	1.973,56
04/2022	AL	1.138,50	1.975,49	1.138,50	1.975,49	912,44	1.773,81	1.984,02
05/2022	AL	1.150,23	1.995,84	1.150,23	1.995,84	921,84	1.792,08	2.004,46
06/2022	AL	1.163,57	2.018,99	1.163,57	2.018,99	932,53	1.812,87	2.027,71
07/2022	AL	1.189,05	2.063,21	1.189,05	2.063,21	952,95	1.852,57	2.072,12
08/2022	AL	1.209,14	2.098,08	1.209,14	2.098,08	969,05	1.883,88	2.107,14
09/2022	AL	1.227,04	2.129,13	1.227,04	2.129,13	983,39	1.911,76	2.138,33
10/2022	AL	1.234,03	2.141,27	1.234,03	2.141,27	989,00	1.922,66	2.150,52
11/2022	AL	1.239,46	2.150,69	1.239,46	2.150,69	993,35	1.931,12	2.159,98
12/2022	AL	1.244,42	2.159,29	1.244,42	2.159,29	997,32	1.938,84	2.168,62
01/2023	AL	1.185,70	2.065,91	1.185,70	2.065,91	967,36	1.862,31	2.154,97
02/2023	AL	1.186,65	2.067,56	1.186,65	2.067,56	968,13	1.863,80	2.156,69
03/2023	AL	1.190,68	2.074,59	1.190,68	2.074,59	971,42	1.870,14	2.164,02
04/2023	AL	1.191,51	2.076,04	1.191,51	2.076,04	972,10	1.871,45	2.165,53
05/2023	AL	1.194,01	2.080,40	1.194,01	2.080,40	974,14	1.875,38	2.170,08
06/2023	AL	1.197,11	2.085,81	1.197,11	2.085,81	976,67	1.880,26	2.175,72
07/2023	AL	1.202,02	2.094,36	1.202,02	2.094,36	980,67	1.887,97	2.184,64
08/2023	AL	1.207,43	2.103,78	1.207,43	2.103,78	985,08	1.896,47	2.194,47
09/2023	AL	1.210,33	2.108,83	1.210,33	2.108,83	987,44	1.901,02	2.199,74
10/2023	AL	1.212,87	2.113,26	1.212,87	2.113,26	989,51	1.905,01	2.204,36
11/2023	AL	1.213,36	2.114,11	1.213,36	2.114,11	989,91	1.905,77	2.205,24
12/2023	AL	1.215,18	2.117,28	1.215,18	2.117,28	991,39	1.908,63	2.208,55
01/2024	AL	1.189,07	2.144,14	1.189,07	2.144,14	1.009,96	1.928,84	2.220,93
02/2024	AL	1.192,16	2.149,71	1.192,16	2.149,71	1.012,59	1.933,85	2.226,70
03/2024	AL	1.194,54	2.154,01	1.194,54	2.154,01	1.014,62	1.937,72	2.231,15
04/2024	AL	1.196,21	2.157,03	1.196,21	2.157,03	1.016,04	1.940,43	2.234,27
05/2024	AL	1.197,05	2.158,54	1.197,05	2.158,54	1.016,75	1.941,79	2.235,83
06/2024	AL	1.202,20	2.167,82	1.202,20	2.167,82	1.021,12	1.950,14	2.245,44
07/2024	AL	1.204,36	2.171,72	1.204,36	2.171,72	1.022,96	1.953,65	2.249,48
08/2024	AL	1.211,71	2.184,97	1.211,71	2.184,97	1.029,20	1.965,57	2.263,20
09/2024	AL	1.216,68	2.193,93	1.216,68	2.193,93	1.033,42	1.973,63	2.272,48
10/2024	AL	1.224,47	2.207,97	1.224,47	2.207,97	1.040,03	1.986,26	2.287,02
11/2024	AL	1.228,51	2.215,26	1.228,51	2.215,26	1.043,46	1.992,81	2.294,57
12/2024	AL	1.234,78	2.226,56	1.234,78	2.226,56	1.048,78	2.002,97	2.306,27
01/2025	AL	1.263,86	2.287,73	1.263,86	2.287,73	1.056,15	2.056,19	2.300,23
02/2025	AL	1.266,51	2.292,53	1.266,51	2.292,53	1.058,37	2.060,51	2.305,06
03/2025	AL	1.273,35	2.304,91	1.273,35	2.304,91	1.064,09	2.071,64	2.317,51
04/2025	AL	1.276,15	2.309,98	1.276,15	2.309,98	1.066,43	2.076,20	2.322,61
05/2025	AL	1.280,62	2.318,06	1.280,62	2.318,06	1.070,16	2.083,47	2.330,74
06/2025	AL	1.286,77	2.329,19	1.286,77	2.329,19	1.075,30	2.093,47	2.341,93
07/2025	AL	1.292,30	2.339,21	1.292,30	2.339,21	1.079,92	2.102,47	2.352,00
08/2025	AL	1.304,19	2.360,73	1.304,19	2.360,73	1.089,86	2.121,81	2.373,64
09/2025	AL	1.308,36	2.368,28	1.308,36	2.368,28	1.093,35	2.128,60	2.381,24
10/2025	AL	1.318,96	2.387,46	1.318,96	2.387,46	1.102,21	2.145,84	2.400,53
11/2025	AL	1.325,55	2.399,40	1.325,55	2.399,40	1.107,72	2.156,57	2.412,53
12/2025	AL	1.329,13	2.405,88	1.329,13	2.405,88	1.110,71	2.162,39	2.419,04
01/2026	AL	1.307,34	2.366,38	1.307,34	2.366,38	1.105,32	2.115,56	2.454,82
02/2026	AL	1.314,27	2.378,92	1.314,27	2.378,92	1.111,18	2.126,77	2.467,82
03/2026	AL	1.318,34	2.386,29	1.318,34	2.386,29	1.114,62	2.133,36	2.475,47
04/2026	AL	1.321,24	2.391,54	1.321,24	2.391,54	1.117,07	2.138,05	2.480,92
05/2026	AL	1.326,26	2.400,63	1.326,26	2.400,63	1.121,31	2.146,17	2.490,35
06/2026	AL	1.335,68	2.417,67	1.335,68	2.417,67	1.129,27	2.161,41	2.508,03
07/2026	AL	1.340,22	2.425,89	1.340,22	2.425,89	1.133,11	2.168,76	2.516,56
08/2026	AL	1.356,57	2.455,49	1.356,57	2.455,49	1.146,93	2.195,22	2.547,26
06/2021	AP	1.094,36	2.062,39	1.094,36	2.062,39	951,12	1.796,41	1.911,15
07/2021	AP	1.113,84	2.099,10	1.113,84	2.099,10	968,05	1.828,39	1.945,17
08/2021	AP	1.141,24	2.150,74	1.141,24	2.150,74	991,86	1.873,37	1.993,02
09/2021	AP	1.162,81	2.191,39	1.162,81	2.191,39	1.010,61	1.908,78	2.030,69
10/2021	AP	1.174,32	2.213,08	1.174,32	2.213,08	1.020,62	1.927,68	2.050,79
11/2021	AP	1.184,30	2.231,89	1.184,30	2.231,89	1.029,30	1.944,07	2.068,22
12/2021	AP	1.196,02	2.253,99	1.196,02	2.253,99	1.039,49	1.963,32	2.088,70
01/2022	AP	1.129,84	2.092,73	1.129,84	2.092,73	944,26	1.819,65	1.920,08
02/2022	AP	1.135,38	2.102,98	1.135,38	2.102,98	948,89	1.828,57	1.929,49
03/2022	AP	1.143,67	2.118,33	1.143,67	2.118,33	955,82	1.841,92	1.943,58
04/2022	AP	1.149,73	2.129,56	1.149,73	2.129,56	960,89	1.851,68	1.953,88
05/2022	AP	1.161,57	2.151,49	1.161,57	2.151,49	970,79	1.870,75	1.974,00
06/2022	AP	1.175,04	2.176,45	1.175,04	2.176,45	982,05	1.892,45	1.996,90
07/2022	AP	1.200,77	2.224,11	1.200,77	2.224,11	1.003,56	1.933,89	2.040,63
08/2022	AP	1.221,06	2.261,70	1.221,06	2.261,70	1.020,52	1.966,57	2.075,12
09/2022	AP	1.239,13	2.295,17	1.239,13	2.295,17	1.035,62	1.995,68	2.105,83
10/2022	AP	1.246,19	2.308,25	1.246,19	2.308,25	1.041,52	2.007,06	2.117,83
11/2022	AP	1.251,67	2.318,41	1.251,67	2.318,41	1.046,10	2.015,89	2.127,15
12/2022	AP	1.256,68	2.327,68	1.256,68	2.327,68	1.050,28	2.023,95	2.135,66
01/2023	AP	1.349,57	2.513,45	1.349,57	2.513,45	1.142,07	2.177,71	2.333,43
02/2023	AP	1.350,65	2.515,46	1.350,65	2.515,46	1.142,98	2.179,45	2.335,30
03/2023	AP	1.355,24	2.524,01	1.355,24	2.524,01	1.146,87	2.186,86	2.343,24
04/2023	AP	1.356,19	2.525,78	1.356,19	2.525,78	1.147,67	2.188,39	2.344,88
05/2023	AP	1.359,04	2.531,08	1.359,04	2.531,08	1.150,08	2.192,99	2.349,80
06/2023	AP	1.362,57	2.537,66	1.362,57	2.537,66	1.153,07	2.198,69	2.355,91
07/2023	AP	1.368,16	2.548,06	1.368,16	2.548,06	1.157,80	2.207,70	2.365,57
08/2023	AP	1.374,32	2.559,53	1.374,32	2.559,53	1.163,01	2.217,63	2.376,22
09/2023	AP	1.377,62	2.565,67	1.377,62	2.565,67	1.165,80	2.222,95	2.381,92
10/2023	AP	1.380,51	2.571,06	1.380,51	2.571,06	1.168,25	2.227,62	2.386,92
11/2023	AP	1.381,06	2.572,09	1.381,06	2.572,09	1.168,72	2.228,51	2.387,87
12/2023	AP	1.383,13	2.575,95	1.383,13	2.575,95	1.170,47	2.231,85	2.391,45
01/2024	AP	1.511,95	2.794,85	1.511,95	2.794,85	1.297,46	2.445,53	2.719,16
02/2024	AP	1.515,88	2.802,12	1.515,88	2.802,12	1.300,83	2.451,89	2.726,23
03/2024	AP	1.518,91	2.807,72	1.518,91	2.807,72	1.303,43	2.456,79	2.731,68
04/2024	AP	1.521,04	2.811,65	1.521,04	2.811,65	1.305,25	2.460,23	2.735,50
05/2024	AP	1.522,10	2.813,62	1.522,10	2.813,62	1.306,16	2.461,95	2.737,41
06/2024	AP	1.528,65	2.825,72	1.528,65	2.825,72	1.311,78	2.472,54	2.749,18
07/2024	AP	1.531,40	2.830,81	1.531,40	2.830,81	1.314,14	2.476,99	2.754,13
08/2024	AP	1.540,74	2.848,08	1.540,74	2.848,08	1.322,16	2.492,10	2.770,93
09/2024	AP	1.547,06	2.859,76	1.547,06	2.859,76	1.327,58	2.502,32	2.782,29
10/2024	AP	1.556,96	2.878,06	1.556,96	2.878,06	1.336,08	2.518,33	2.800,10
11/2024	AP	1.562,10	2.887,56	1.562,10	2.887,56	1.340,49	2.526,64	2.809,34
12/2024	AP	1.570,07	2.902,29	1.570,07	2.902,29	1.347,33	2.539,53	2.823,67
01/2025	AP	1.528,06	2.601,68	1.528,06	2.601,68	1.246,92	2.338,47	2.674,42
02/2025	AP	1.531,27	2.607,14	1.531,27	2.607,14	1.249,54	2.343,38	2.680,04
03/2025	AP	1.539,54	2.621,22	1.539,54	2.621,22	1.256,29	2.356,03	2.694,51
04/2025	AP	1.542,93	2.626,99	1.542,93	2.626,99	1.259,05	2.361,21	2.700,44
05/2025	AP	1.548,33	2.636,18	1.548,33	2.636,18	1.263,46	2.369,47	2.709,89
06/2025	AP	1.555,76	2.648,83	1.555,76	2.648,83	1.269,52	2.380,84	2.722,90
07/2025	AP	1.562,45	2.660,22	1.562,45	2.660,22	1.274,98	2.391,08	2.734,61
08/2025	AP	1.576,82	2.684,69	1.576,82	2.684,69	1.286,71	2.413,08	2.759,77
09/2025	AP	1.581,87	2.693,28	1.581,87	2.693,28	1.290,83	2.420,80	2.768,60
10/2025	AP	1.594,68	2.715,10	1.594,68	2.715,10	1.301,29	2.440,41	2.791,03
11/2025	AP	1.602,65	2.728,68	1.602,65	2.728,68	1.307,80	2.452,61	2.804,99
12/2025	AP	1.606,98	2.736,05	1.606,98	2.736,05	1.311,33	2.459,23	2.812,56
01/2026	AP	1.588,45	2.753,28	1.588,45	2.753,28	1.302,00	2.445,39	2.799,38
02/2026	AP	1.834,99	3.266,35	1.834,99	3.266,35	1.552,69	2.877,19	3.257,67
03/2026	AP	1.840,68	3.276,48	1.840,68	3.276,48	1.557,50	2.886,11	3.267,77
04/2026	AP	1.844,73	3.283,69	1.844,73	3.283,69	1.560,93	2.892,46	3.274,96
05/2026	AP	1.851,74	3.296,17	1.851,74	3.296,17	1.566,86	2.903,45	3.287,40
06/2026	AP	1.864,89	3.319,57	1.864,89	3.319,57	1.577,98	2.924,06	3.310,74
07/2026	AP	1.871,23	3.330,86	1.871,23	3.330,86	1.583,35	2.934,00	3.322,00
08/2026	AP	1.894,06	3.371,50	1.894,06	3.371,50	1.602,67	2.969,79	3.362,53
06/2021	AM	1.186,00	2.158,74	1.186,00	2.158,74	1.048,51	1.916,84	2.262,19
07/2021	AM	1.207,11	2.197,17	1.207,11	2.197,17	1.067,17	1.950,96	2.302,46
08/2021	AM	1.236,80	2.251,22	1.236,80	2.251,22	1.093,42	1.998,95	2.359,10
09/2021	AM	1.260,18	2.293,77	1.260,18	2.293,77	1.114,09	2.036,73	2.403,69
10/2021	AM	1.272,66	2.316,48	1.272,66	2.316,48	1.125,12	2.056,89	2.427,49
11/2021	AM	1.283,48	2.336,17	1.283,48	2.336,17	1.134,68	2.074,37	2.448,12
12/2021	AM	1.296,19	2.359,30	1.296,19	2.359,30	1.145,91	2.094,91	2.472,36
01/2022	AM	1.287,24	2.351,06	1.287,24	2.351,06	1.124,03	2.118,04	2.511,70
02/2022	AM	1.293,55	2.362,58	1.293,55	2.362,58	1.129,54	2.128,42	2.524,01
03/2022	AM	1.302,99	2.379,83	1.302,99	2.379,83	1.137,79	2.143,96	2.542,44
04/2022	AM	1.309,90	2.392,44	1.309,90	2.392,44	1.143,82	2.155,32	2.555,91
05/2022	AM	1.323,39	2.417,08	1.323,39	2.417,08	1.155,60	2.177,52	2.582,24
06/2022	AM	1.338,74	2.445,12	1.338,74	2.445,12	1.169,00	2.202,78	2.612,19
07/2022	AM	1.368,06	2.498,67	1.368,06	2.498,67	1.194,60	2.251,02	2.669,40
08/2022	AM	1.391,18	2.540,90	1.391,18	2.540,90	1.214,79	2.289,06	2.714,51
09/2022	AM	1.411,77	2.578,51	1.411,77	2.578,51	1.232,77	2.322,94	2.754,68
10/2022	AM	1.419,82	2.593,21	1.419,82	2.593,21	1.239,80	2.336,18	2.770,38
11/2022	AM	1.426,07	2.604,62	1.426,07	2.604,62	1.245,26	2.346,46	2.782,57
12/2022	AM	1.431,77	2.615,04	1.431,77	2.615,04	1.250,24	2.355,85	2.793,70
01/2023	AM	1.385,23	2.499,50	1.385,23	2.499,50	1.217,47	2.230,89	2.638,19
02/2023	AM	1.386,34	2.501,50	1.386,34	2.501,50	1.218,44	2.232,67	2.640,30
03/2023	AM	1.391,05	2.510,01	1.391,05	2.510,01	1.222,58	2.240,26	2.649,28
04/2023	AM	1.392,02	2.511,77	1.392,02	2.511,77	1.223,44	2.241,83	2.651,13
05/2023	AM	1.394,94	2.517,04	1.394,94	2.517,04	1.226,01	2.246,54	2.656,70
06/2023	AM	1.398,57	2.523,58	1.398,57	2.523,58	1.229,20	2.252,38	2.663,61
07/2023	AM	1.404,30	2.533,93	1.404,30	2.533,93	1.234,24	2.261,61	2.674,53
08/2023	AM	1.410,62	2.545,33	1.410,62	2.545,33	1.239,79	2.271,79	2.686,57
09/2023	AM	1.414,01	2.551,44	1.414,01	2.551,44	1.242,77	2.277,24	2.693,02
10/2023	AM	1.416,98	2.556,80	1.416,98	2.556,80	1.245,38	2.282,02	2.698,68
11/2023	AM	1.417,55	2.557,82	1.417,55	2.557,82	1.245,88	2.282,93	2.699,76
12/2023	AM	1.419,68	2.561,66	1.419,68	2.561,66	1.247,75	2.286,35	2.703,81
01/2024	AM	1.477,75	2.582,64	1.477,75	2.582,64	1.221,18	2.311,69	2.677,20
02/2024	AM	1.481,59	2.589,35	1.481,59	2.589,35	1.224,36	2.317,70	2.684,16
03/2024	AM	1.484,55	2.594,53	1.484,55	2.594,53	1.226,81	2.322,34	2.689,53
04/2024	AM	1.486,63	2.598,16	1.486,63	2.598,16	1.228,53	2.325,59	2.693,30
05/2024	AM	1.487,67	2.599,98	1.487,67	2.599,98	1.229,39	2.327,22	2.695,19
06/2024	AM	1.494,07	2.611,16	1.494,07	2.611,16	1.234,68	2.337,23	2.706,78
07/2024	AM	1.496,76	2.615,86	1.496,76	2.615,86	1.236,90	2.341,44	2.711,65
08/2024	AM	1.505,89	2.631,82	1.505,89	2.631,82	1.244,45	2.355,72	2.728,19
09/2024	AM	1.512,06	2.642,61	1.512,06	2.642,61	1.249,55	2.365,38	2.739,38
10/2024	AM	1.521,74	2.659,52	1.521,74	2.659,52	1.257,55	2.380,52	2.756,91
11/2024	AM	1.526,76	2.668,30	1.526,76	2.668,30	1.261,70	2.388,38	2.766,01
12/2024	AM	1.534,55	2.681,91	1.534,55	2.681,91	1.268,13	2.400,56	2.780,12
01/2025	AM	1.701,10	3.162,47	1.701,10	3.162,47	1.450,54	2.825,60	3.211,95
02/2025	AM	1.704,67	3.169,11	1.704,67	3.169,11	1.453,59	2.831,53	3.218,70
03/2025	AM	1.713,88	3.186,22	1.713,88	3.186,22	1.461,44	2.846,82	3.236,08
04/2025	AM	1.717,65	3.193,23	1.717,65	3.193,23	1.464,66	2.853,08	3.243,20
05/2025	AM	1.723,66	3.204,41	1.723,66	3.204,41	1.469,79	2.863,07	3.254,55
06/2025	AM	1.731,93	3.219,79	1.731,93	3.219,79	1.476,84	2.876,81	3.270,17
07/2025	AM	1.739,38	3.233,64	1.739,38	3.233,64	1.483,19	2.889,18	3.284,23
08/2025	AM	1.755,38	3.263,39	1.755,38	3.263,39	1.496,84	2.915,76	3.314,44
09/2025	AM	1.761,00	3.273,83	1.761,00	3.273,83	1.501,63	2.925,09	3.325,05
10/2025	AM	1.775,26	3.300,35	1.775,26	3.300,35	1.513,79	2.948,78	3.351,98
11/2025	AM	1.784,14	3.316,85	1.784,14	3.316,85	1.521,36	2.963,52	3.368,74
12/2025	AM	1.788,96	3.325,81	1.788,96	3.325,81	1.525,47	2.971,52	3.377,84
01/2026	AM	2.056,69	3.810,12	2.056,69	3.810,12	1.761,42	3.440,56	4.070,64
02/2026	AM	2.067,59	3.830,32	2.067,59	3.830,32	1.770,75	3.458,80	4.092,22
03/2026	AM	2.074,00	3.842,19	2.074,00	3.842,19	1.776,24	3.469,52	4.104,91
04/2026	AM	2.078,56	3.850,64	2.078,56	3.850,64	1.780,15	3.477,15	4.113,94
05/2026	AM	2.086,46	3.865,27	2.086,46	3.865,27	1.786,91	3.490,36	4.129,57
06/2026	AM	2.101,27	3.892,71	2.101,27	3.892,71	1.799,60	3.515,14	4.158,89
07/2026	AM	2.108,41	3.905,95	2.108,41	3.905,95	1.805,72	3.527,09	4.173,03
08/2026	AM	2.134,13	3.953,60	2.134,13	3.953,60	1.827,75	3.570,12	4.223,94
01/2026	BA	1.427,62	2.535,51	1.427,62	2.535,51	1.150,36	2.213,81	2.641,44
02/2026	BA	1.435,19	2.548,95	1.435,19	2.548,95	1.156,46	2.225,55	2.655,44
03/2026	BA	1.439,64	2.556,85	1.439,64	2.556,85	1.160,05	2.232,45	2.663,67
04/2026	BA	1.442,81	2.562,48	1.442,81	2.562,48	1.162,60	2.237,36	2.669,53
05/2026	BA	1.448,29	2.572,22	1.448,29	2.572,22	1.167,02	2.245,86	2.679,67
06/2026	BA	1.458,57	2.590,48	1.458,57	2.590,48	1.175,31	2.261,81	2.698,70
07/2026	BA	1.463,53	2.599,29	1.463,53	2.599,29	1.179,31	2.269,50	2.707,88
08/2026	BA	1.481,39	2.631,00	1.481,39	2.631,00	1.193,70	2.297,19	2.740,92
06/2021	BA	1.134,76	2.027,50	1.134,76	2.027,50	940,62	1.770,49	2.037,10
07/2021	BA	1.154,96	2.063,59	1.154,96	2.063,59	957,36	1.802,00	2.073,36
08/2021	BA	1.183,37	2.114,35	1.183,37	2.114,35	980,91	1.846,33	2.124,36
09/2021	BA	1.205,74	2.154,31	1.205,74	2.154,31	999,45	1.881,23	2.164,51
10/2021	BA	1.217,68	2.175,64	1.217,68	2.175,64	1.009,34	1.899,85	2.185,94
11/2021	BA	1.228,03	2.194,13	1.228,03	2.194,13	1.017,92	1.916,00	2.204,52
12/2021	BA	1.240,19	2.215,85	1.240,19	2.215,85	1.028,00	1.934,97	2.226,34
01/2022	BA	1.195,25	2.151,65	1.195,25	2.151,65	1.003,32	1.889,37	2.198,66
02/2022	BA	1.201,11	2.162,19	1.201,11	2.162,19	1.008,24	1.898,63	2.209,43
03/2022	BA	1.209,88	2.177,97	1.209,88	2.177,97	1.015,60	1.912,49	2.225,56
04/2022	BA	1.216,29	2.189,51	1.216,29	2.189,51	1.020,98	1.922,63	2.237,36
05/2022	BA	1.228,82	2.212,06	1.228,82	2.212,06	1.031,50	1.942,43	2.260,40
06/2022	BA	1.243,07	2.237,72	1.243,07	2.237,72	1.043,47	1.964,96	2.286,62
07/2022	BA	1.270,29	2.286,73	1.270,29	2.286,73	1.066,32	2.007,99	2.336,70
08/2022	BA	1.291,76	2.325,38	1.291,76	2.325,38	1.084,34	2.041,93	2.376,19
09/2022	BA	1.310,88	2.359,80	1.310,88	2.359,80	1.100,39	2.072,15	2.411,36
10/2022	BA	1.318,35	2.373,25	1.318,35	2.373,25	1.106,66	2.083,96	2.425,10
11/2022	BA	1.324,15	2.383,69	1.324,15	2.383,69	1.111,53	2.093,13	2.435,77
12/2022	BA	1.329,45	2.393,22	1.329,45	2.393,22	1.115,98	2.101,50	2.445,51
01/2023	BA	1.269,63	2.304,13	1.269,63	2.304,13	1.059,46	2.036,49	2.394,71
02/2023	BA	1.270,65	2.305,97	1.270,65	2.305,97	1.060,31	2.038,12	2.396,63
03/2023	BA	1.274,97	2.313,81	1.274,97	2.313,81	1.063,92	2.045,05	2.404,78
04/2023	BA	1.275,86	2.315,43	1.275,86	2.315,43	1.064,66	2.046,48	2.406,46
05/2023	BA	1.278,54	2.320,29	1.278,54	2.320,29	1.066,90	2.050,78	2.411,51
06/2023	BA	1.281,86	2.326,32	1.281,86	2.326,32	1.069,67	2.056,11	2.417,78
07/2023	BA	1.287,12	2.335,86	1.287,12	2.335,86	1.074,06	2.064,54	2.427,69
08/2023	BA	1.292,91	2.346,37	1.292,91	2.346,37	1.078,89	2.073,83	2.438,61
09/2023	BA	1.296,01	2.352,00	1.296,01	2.352,00	1.081,48	2.078,81	2.444,46
10/2023	BA	1.298,73	2.356,94	1.298,73	2.356,94	1.083,75	2.083,18	2.449,59
11/2023	BA	1.299,25	2.357,88	1.299,25	2.357,88	1.084,18	2.084,01	2.450,57
12/2023	BA	1.301,20	2.361,42	1.301,20	2.361,42	1.085,81	2.087,14	2.454,25
01/2024	BA	1.301,90	2.326,07	1.301,90	2.326,07	1.065,36	2.032,12	2.380,55
02/2024	BA	1.305,28	2.332,12	1.305,28	2.332,12	1.068,13	2.037,40	2.386,74
03/2024	BA	1.307,89	2.336,78	1.307,89	2.336,78	1.070,27	2.041,47	2.391,51
04/2024	BA	1.309,72	2.340,05	1.309,72	2.340,05	1.071,77	2.044,33	2.394,86
05/2024	BA	1.310,64	2.341,69	1.310,64	2.341,69	1.072,52	2.045,76	2.396,54
06/2024	BA	1.316,28	2.351,76	1.316,28	2.351,76	1.077,13	2.054,56	2.406,85
07/2024	BA	1.318,65	2.355,99	1.318,65	2.355,99	1.079,07	2.058,26	2.411,18
08/2024	BA	1.326,69	2.370,36	1.326,69	2.370,36	1.085,65	2.070,82	2.425,89
09/2024	BA	1.332,13	2.380,08	1.332,13	2.380,08	1.090,10	2.079,31	2.435,84
10/2024	BA	1.340,66	2.395,31	1.340,66	2.395,31	1.097,08	2.092,62	2.451,43
11/2024	BA	1.345,08	2.403,21	1.345,08	2.403,21	1.100,70	2.099,53	2.459,52
12/2024	BA	1.351,94	2.415,47	1.351,94	2.415,47	1.106,31	2.110,24	2.472,06
01/2025	BA	1.351,08	2.424,53	1.351,08	2.424,53	1.088,70	2.121,97	2.493,23
02/2025	BA	1.353,92	2.429,62	1.353,92	2.429,62	1.090,99	2.126,43	2.498,47
03/2025	BA	1.361,23	2.442,74	1.361,23	2.442,74	1.096,88	2.137,91	2.511,96
04/2025	BA	1.364,22	2.448,11	1.364,22	2.448,11	1.099,29	2.142,61	2.517,49
05/2025	BA	1.368,99	2.456,68	1.368,99	2.456,68	1.103,14	2.150,11	2.526,30
06/2025	BA	1.375,56	2.468,47	1.375,56	2.468,47	1.108,44	2.160,43	2.538,43
07/2025	BA	1.381,47	2.479,08	1.381,47	2.479,08	1.113,21	2.169,72	2.549,35
08/2025	BA	1.394,18	2.501,89	1.394,18	2.501,89	1.123,45	2.189,68	2.572,80
09/2025	BA	1.398,64	2.509,90	1.398,64	2.509,90	1.127,05	2.196,69	2.581,03
10/2025	BA	1.409,97	2.530,23	1.409,97	2.530,23	1.136,18	2.214,48	2.601,94
11/2025	BA	1.417,02	2.542,88	1.417,02	2.542,88	1.141,86	2.225,55	2.614,95
12/2025	BA	1.420,85	2.549,75	1.420,85	2.549,75	1.144,94	2.231,56	2.622,01
06/2021	CE	960,54	1.720,85	960,54	1.720,85	810,49	1.502,53	1.683,52
07/2021	CE	977,64	1.751,48	977,64	1.751,48	824,92	1.529,28	1.713,49
08/2021	CE	1.001,69	1.794,57	1.001,69	1.794,57	845,21	1.566,90	1.755,64
09/2021	CE	1.020,62	1.828,49	1.020,62	1.828,49	861,18	1.596,51	1.788,82
10/2021	CE	1.030,72	1.846,59	1.030,72	1.846,59	869,71	1.612,32	1.806,53
11/2021	CE	1.039,48	1.862,29	1.039,48	1.862,29	877,10	1.626,02	1.821,89
12/2021	CE	1.049,77	1.880,73	1.049,77	1.880,73	885,78	1.642,12	1.839,93
01/2022	CE	985,90	1.793,16	985,90	1.793,16	840,57	1.589,88	1.736,92
02/2022	CE	990,73	1.801,95	990,73	1.801,95	844,69	1.597,67	1.745,43
03/2022	CE	997,96	1.815,10	997,96	1.815,10	850,86	1.609,33	1.758,17
04/2022	CE	1.003,25	1.824,72	1.003,25	1.824,72	855,37	1.617,86	1.767,49
05/2022	CE	1.013,58	1.843,51	1.013,58	1.843,51	864,18	1.634,52	1.785,70
06/2022	CE	1.025,34	1.864,89	1.025,34	1.864,89	874,20	1.653,48	1.806,41
07/2022	CE	1.047,79	1.905,73	1.047,79	1.905,73	893,34	1.689,69	1.845,97
08/2022	CE	1.065,50	1.937,94	1.065,50	1.937,94	908,44	1.718,25	1.877,17
09/2022	CE	1.081,27	1.966,62	1.081,27	1.966,62	921,88	1.743,68	1.904,95
10/2022	CE	1.087,43	1.977,83	1.087,43	1.977,83	927,13	1.753,62	1.915,81
11/2022	CE	1.092,21	1.986,53	1.092,21	1.986,53	931,21	1.761,34	1.924,24
12/2022	CE	1.096,58	1.994,48	1.096,58	1.994,48	934,93	1.768,39	1.931,94
01/2023	CE	1.141,20	2.098,93	1.141,20	2.098,93	969,53	1.820,76	2.041,28
02/2023	CE	1.142,11	2.100,61	1.142,11	2.100,61	970,31	1.822,22	2.042,91
03/2023	CE	1.145,99	2.107,75	1.145,99	2.107,75	973,61	1.828,42	2.049,86
04/2023	CE	1.146,79	2.109,23	1.146,79	2.109,23	974,29	1.829,70	2.051,29
05/2023	CE	1.149,20	2.113,66	1.149,20	2.113,66	976,34	1.833,54	2.055,60
06/2023	CE	1.152,19	2.119,16	1.152,19	2.119,16	978,88	1.838,31	2.060,94
07/2023	CE	1.156,91	2.127,85	1.156,91	2.127,85	982,89	1.845,85	2.069,39
08/2023	CE	1.162,12	2.137,43	1.162,12	2.137,43	987,31	1.854,16	2.078,70
09/2023	CE	1.164,91	2.142,56	1.164,91	2.142,56	989,68	1.858,61	2.083,69
10/2023	CE	1.167,36	2.147,06	1.167,36	2.147,06	991,76	1.862,51	2.088,07
11/2023	CE	1.167,83	2.147,92	1.167,83	2.147,92	992,16	1.863,26	2.088,91
12/2023	CE	1.169,58	2.151,14	1.169,58	2.151,14	993,65	1.866,05	2.092,04
01/2024	CE	1.282,24	2.243,24	1.282,24	2.243,24	1.074,49	1.972,71	2.297,99
02/2024	CE	1.285,57	2.249,07	1.285,57	2.249,07	1.077,28	1.977,84	2.303,96
03/2024	CE	1.288,14	2.253,57	1.288,14	2.253,57	1.079,43	1.981,80	2.308,57
04/2024	CE	1.289,94	2.256,72	1.289,94	2.256,72	1.080,94	1.984,57	2.311,80
05/2024	CE	1.290,84	2.258,30	1.290,84	2.258,30	1.081,70	1.985,96	2.313,42
06/2024	CE	1.296,39	2.268,01	1.296,39	2.268,01	1.086,35	1.994,50	2.323,37
07/2024	CE	1.298,72	2.272,09	1.298,72	2.272,09	1.088,31	1.998,09	2.327,55
08/2024	CE	1.306,64	2.285,95	1.306,64	2.285,95	1.094,95	2.010,28	2.341,75
09/2024	CE	1.312,00	2.295,32	1.312,00	2.295,32	1.099,44	2.018,52	2.351,35
10/2024	CE	1.320,40	2.310,01	1.320,40	2.310,01	1.106,48	2.031,44	2.366,40
11/2024	CE	1.324,76	2.317,63	1.324,76	2.317,63	1.110,13	2.038,14	2.374,21
12/2024	CE	1.331,52	2.329,45	1.331,52	2.329,45	1.115,79	2.048,53	2.386,32
01/2025	CE	1.432,10	2.346,70	1.432,10	2.346,70	1.129,84	2.090,44	2.464,83
02/2025	CE	1.435,11	2.351,63	1.435,11	2.351,63	1.132,21	2.094,83	2.470,01
03/2025	CE	1.442,86	2.364,33	1.442,86	2.364,33	1.138,32	2.106,14	2.483,35
04/2025	CE	1.446,03	2.369,53	1.446,03	2.369,53	1.140,82	2.110,77	2.488,81
05/2025	CE	1.451,09	2.377,82	1.451,09	2.377,82	1.144,81	2.118,16	2.497,52
06/2025	CE	1.458,06	2.389,23	1.458,06	2.389,23	1.150,31	2.128,33	2.509,51
07/2025	CE	1.464,33	2.399,50	1.464,33	2.399,50	1.155,26	2.137,48	2.520,30
08/2025	CE	1.477,80	2.421,58	1.477,80	2.421,58	1.165,89	2.157,14	2.543,49
09/2025	CE	1.482,53	2.429,33	1.482,53	2.429,33	1.169,62	2.164,04	2.551,63
10/2025	CE	1.494,54	2.449,01	1.494,54	2.449,01	1.179,09	2.181,57	2.572,30
11/2025	CE	1.502,01	2.461,26	1.502,01	2.461,26	1.184,99	2.192,48	2.585,16
12/2025	CE	1.506,07	2.467,91	1.506,07	2.467,91	1.188,19	2.198,40	2.592,14
01/2026	CE	1.627,20	2.730,07	1.627,20	2.730,07	1.293,32	2.398,49	2.762,01
02/2026	CE	1.635,83	2.744,54	1.635,83	2.744,54	1.300,17	2.411,20	2.776,64
03/2026	CE	1.640,90	2.753,05	1.640,90	2.753,05	1.304,20	2.418,67	2.785,25
04/2026	CE	1.644,51	2.759,11	1.644,51	2.759,11	1.307,07	2.423,99	2.791,38
05/2026	CE	1.650,76	2.769,59	1.650,76	2.769,59	1.312,04	2.433,20	2.801,99
06/2026	CE	1.662,48	2.789,25	1.662,48	2.789,25	1.321,36	2.450,48	2.821,88
07/2026	CE	1.668,13	2.798,73	1.668,13	2.798,73	1.325,85	2.458,81	2.831,47
08/2026	CE	1.688,48	2.832,87	1.688,48	2.832,87	1.342,03	2.488,81	2.866,01
06/2021	DF	1.070,19	1.890,86	1.070,19	1.890,86	886,09	1.654,46	1.955,74
07/2021	DF	1.089,24	1.924,52	1.089,24	1.924,52	901,86	1.683,91	1.990,55
08/2021	DF	1.116,04	1.971,86	1.116,04	1.971,86	924,05	1.725,33	2.039,52
09/2021	DF	1.137,13	2.009,13	1.137,13	2.009,13	941,51	1.757,94	2.078,07
10/2021	DF	1.148,39	2.029,02	1.148,39	2.029,02	950,83	1.775,34	2.098,64
11/2021	DF	1.158,15	2.046,27	1.158,15	2.046,27	958,91	1.790,43	2.116,48
12/2021	DF	1.169,62	2.066,53	1.169,62	2.066,53	968,40	1.808,16	2.137,43
01/2022	DF	1.233,57	2.127,50	1.233,57	2.127,50	997,31	1.885,11	2.196,88
02/2022	DF	1.239,61	2.137,92	1.239,61	2.137,92	1.002,20	1.894,35	2.207,64
03/2022	DF	1.248,66	2.153,53	1.248,66	2.153,53	1.009,52	1.908,18	2.223,76
04/2022	DF	1.255,28	2.164,94	1.255,28	2.164,94	1.014,87	1.918,29	2.235,55
05/2022	DF	1.268,21	2.187,24	1.268,21	2.187,24	1.025,32	1.938,05	2.258,58
06/2022	DF	1.282,92	2.212,61	1.282,92	2.212,61	1.037,21	1.960,53	2.284,78
07/2022	DF	1.311,02	2.261,07	1.311,02	2.261,07	1.059,92	2.003,47	2.334,82
08/2022	DF	1.333,18	2.299,28	1.333,18	2.299,28	1.077,83	2.037,33	2.374,28
09/2022	DF	1.352,91	2.333,31	1.352,91	2.333,31	1.093,78	2.067,48	2.409,42
10/2022	DF	1.360,62	2.346,61	1.360,62	2.346,61	1.100,01	2.079,26	2.423,15
11/2022	DF	1.366,61	2.356,94	1.366,61	2.356,94	1.104,85	2.088,41	2.433,81
12/2022	DF	1.372,08	2.366,37	1.372,08	2.366,37	1.109,27	2.096,76	2.443,55
01/2023	DF	1.279,87	2.320,51	1.279,87	2.320,51	1.077,76	2.021,27	2.348,58
02/2023	DF	1.280,89	2.322,37	1.280,89	2.322,37	1.078,62	2.022,89	2.350,46
03/2023	DF	1.285,25	2.330,27	1.285,25	2.330,27	1.082,29	2.029,77	2.358,45
04/2023	DF	1.286,15	2.331,90	1.286,15	2.331,90	1.083,05	2.031,19	2.360,10
05/2023	DF	1.288,85	2.336,80	1.288,85	2.336,80	1.085,32	2.035,46	2.365,06
06/2023	DF	1.292,20	2.342,88	1.292,20	2.342,88	1.088,14	2.040,75	2.371,21
07/2023	DF	1.297,50	2.352,49	1.297,50	2.352,49	1.092,60	2.049,12	2.380,93
08/2023	DF	1.303,34	2.363,08	1.303,34	2.363,08	1.097,52	2.058,34	2.391,64
09/2023	DF	1.306,47	2.368,75	1.306,47	2.368,75	1.100,15	2.063,28	2.397,38
10/2023	DF	1.309,21	2.373,72	1.309,21	2.373,72	1.102,46	2.067,61	2.402,41
11/2023	DF	1.309,73	2.374,67	1.309,73	2.374,67	1.102,90	2.068,44	2.403,37
12/2023	DF	1.311,69	2.378,23	1.311,69	2.378,23	1.104,55	2.071,54	2.406,98
01/2024	DF	1.442,90	2.477,20	1.442,90	2.477,20	1.172,28	2.172,60	2.536,01
02/2024	DF	1.446,65	2.483,64	1.446,65	2.483,64	1.175,33	2.178,25	2.542,60
03/2024	DF	1.449,54	2.488,61	1.449,54	2.488,61	1.177,68	2.182,61	2.547,69
04/2024	DF	1.451,57	2.492,09	1.451,57	2.492,09	1.179,33	2.185,67	2.551,26
05/2024	DF	1.452,59	2.493,83	1.452,59	2.493,83	1.180,16	2.187,20	2.553,05
06/2024	DF	1.458,84	2.504,55	1.458,84	2.504,55	1.185,23	2.196,60	2.564,03
07/2024	DF	1.461,47	2.509,06	1.461,47	2.509,06	1.187,36	2.200,55	2.568,65
08/2024	DF	1.470,38	2.524,37	1.470,38	2.524,37	1.194,60	2.213,97	2.584,32
09/2024	DF	1.476,41	2.534,72	1.476,41	2.534,72	1.199,50	2.223,05	2.594,92
10/2024	DF	1.485,86	2.550,94	1.485,86	2.550,94	1.207,18	2.237,28	2.611,53
11/2024	DF	1.490,76	2.559,36	1.490,76	2.559,36	1.211,16	2.244,66	2.620,15
12/2024	DF	1.498,36	2.572,41	1.498,36	2.572,41	1.217,34	2.256,11	2.633,51
01/2025	DF	1.580,70	2.664,41	1.580,70	2.664,41	1.232,42	2.342,65	2.705,93
02/2025	DF	1.584,02	2.670,01	1.584,02	2.670,01	1.235,01	2.347,57	2.711,61
03/2025	DF	1.592,57	2.684,43	1.592,57	2.684,43	1.241,68	2.360,25	2.726,25
04/2025	DF	1.596,07	2.690,34	1.596,07	2.690,34	1.244,41	2.365,44	2.732,25
05/2025	DF	1.601,66	2.699,76	1.601,66	2.699,76	1.248,77	2.373,72	2.741,81
06/2025	DF	1.609,35	2.712,72	1.609,35	2.712,72	1.254,76	2.385,11	2.754,97
07/2025	DF	1.616,27	2.724,38	1.616,27	2.724,38	1.260,16	2.395,37	2.766,82
08/2025	DF	1.631,14	2.749,44	1.631,14	2.749,44	1.271,75	2.417,41	2.792,27
09/2025	DF	1.636,36	2.758,24	1.636,36	2.758,24	1.275,82	2.425,15	2.801,21
10/2025	DF	1.649,61	2.780,58	1.649,61	2.780,58	1.286,15	2.444,79	2.823,90
11/2025	DF	1.657,86	2.794,48	1.657,86	2.794,48	1.292,58	2.457,01	2.838,02
12/2025	DF	1.662,34	2.802,03	1.662,34	2.802,03	1.296,07	2.463,64	2.845,68
01/2026	DF	1.524,35	2.763,28	1.524,35	2.763,28	1.235,89	2.414,62	2.786,59
02/2026	DF	1.532,43	2.777,92	1.532,43	2.777,92	1.242,44	2.427,41	2.801,37
03/2026	DF	1.537,18	2.786,53	1.537,18	2.786,53	1.246,29	2.434,93	2.810,05
04/2026	DF	1.540,56	2.792,66	1.540,56	2.792,66	1.249,03	2.440,29	2.816,23
05/2026	DF	1.546,41	2.803,27	1.546,41	2.803,27	1.253,78	2.449,56	2.826,93
06/2026	DF	1.557,39	2.823,17	1.557,39	2.823,17	1.262,68	2.466,95	2.847,00
07/2026	DF	1.562,69	2.832,77	1.562,69	2.832,77	1.266,97	2.475,34	2.856,68
08/2026	DF	1.581,75	2.867,33	1.581,75	2.867,33	1.282,43	2.505,54	2.891,53
06/2021	ES	1.262,51	2.174,34	1.262,51	2.174,34	968,86	1.926,46	2.269,44
07/2021	ES	1.284,98	2.213,04	1.284,98	2.213,04	986,11	1.960,75	2.309,84
08/2021	ES	1.316,59	2.267,48	1.316,59	2.267,48	1.010,37	2.008,98	2.366,66
09/2021	ES	1.341,47	2.310,34	1.341,47	2.310,34	1.029,47	2.046,95	2.411,39
10/2021	ES	1.354,75	2.333,21	1.354,75	2.333,21	1.039,66	2.067,21	2.435,26
11/2021	ES	1.366,27	2.353,04	1.366,27	2.353,04	1.048,50	2.084,78	2.455,96
12/2021	ES	1.379,80	2.376,34	1.379,80	2.376,34	1.058,88	2.105,42	2.480,27
01/2022	ES	1.392,41	2.377,10	1.392,41	2.377,10	1.079,42	2.118,25	2.515,19
02/2022	ES	1.399,23	2.388,75	1.399,23	2.388,75	1.084,71	2.128,63	2.527,51
03/2022	ES	1.409,44	2.406,19	1.409,44	2.406,19	1.092,63	2.144,17	2.545,96
04/2022	ES	1.416,91	2.418,94	1.416,91	2.418,94	1.098,42	2.155,53	2.559,45
05/2022	ES	1.431,50	2.443,86	1.431,50	2.443,86	1.109,73	2.177,73	2.585,81
06/2022	ES	1.448,11	2.472,21	1.448,11	2.472,21	1.122,60	2.202,99	2.615,81
07/2022	ES	1.479,82	2.526,35	1.479,82	2.526,35	1.147,18	2.251,24	2.673,10
08/2022	ES	1.504,83	2.569,05	1.504,83	2.569,05	1.166,57	2.289,29	2.718,28
09/2022	ES	1.527,10	2.607,07	1.527,10	2.607,07	1.183,84	2.323,17	2.758,51
10/2022	ES	1.535,80	2.621,93	1.535,80	2.621,93	1.190,59	2.336,41	2.774,23
11/2022	ES	1.542,56	2.633,47	1.542,56	2.633,47	1.195,83	2.346,69	2.786,44
12/2022	ES	1.548,73	2.644,00	1.548,73	2.644,00	1.200,61	2.356,08	2.797,59
01/2023	ES	1.526,81	2.596,51	1.526,81	2.596,51	1.176,76	2.330,53	2.725,35
02/2023	ES	1.528,03	2.598,59	1.528,03	2.598,59	1.177,70	2.332,39	2.727,53
03/2023	ES	1.533,23	2.607,43	1.533,23	2.607,43	1.181,70	2.340,32	2.736,80
04/2023	ES	1.534,30	2.609,26	1.534,30	2.609,26	1.182,53	2.341,96	2.738,72
05/2023	ES	1.537,52	2.614,74	1.537,52	2.614,74	1.185,01	2.346,88	2.744,47
06/2023	ES	1.541,52	2.621,54	1.541,52	2.621,54	1.188,09	2.352,98	2.751,61
07/2023	ES	1.547,84	2.632,29	1.547,84	2.632,29	1.192,96	2.362,63	2.762,89
08/2023	ES	1.554,81	2.644,14	1.554,81	2.644,14	1.198,33	2.373,26	2.775,32
09/2023	ES	1.558,54	2.650,49	1.558,54	2.650,49	1.201,21	2.378,96	2.781,98
10/2023	ES	1.561,81	2.656,06	1.561,81	2.656,06	1.203,73	2.383,96	2.787,82
11/2023	ES	1.562,43	2.657,12	1.562,43	2.657,12	1.204,21	2.384,91	2.788,94
12/2023	ES	1.564,77	2.661,11	1.564,77	2.661,11	1.206,02	2.388,49	2.793,12
01/2024	ES	1.627,53	2.722,96	1.627,53	2.722,96	1.239,40	2.447,84	2.878,29
02/2024	ES	1.631,76	2.730,04	1.631,76	2.730,04	1.242,62	2.454,20	2.885,77
03/2024	ES	1.635,02	2.735,50	1.635,02	2.735,50	1.245,11	2.459,11	2.891,54
04/2024	ES	1.637,31	2.739,33	1.637,31	2.739,33	1.246,85	2.462,55	2.895,59
05/2024	ES	1.638,46	2.741,25	1.638,46	2.741,25	1.247,72	2.464,27	2.897,62
06/2024	ES	1.645,51	2.753,04	1.645,51	2.753,04	1.253,09	2.474,87	2.910,08
07/2024	ES	1.648,47	2.758,00	1.648,47	2.758,00	1.255,35	2.479,32	2.915,32
08/2024	ES	1.658,53	2.774,82	1.658,53	2.774,82	1.263,01	2.494,44	2.933,10
09/2024	ES	1.665,33	2.786,20	1.665,33	2.786,20	1.268,19	2.504,67	2.945,13
10/2024	ES	1.675,99	2.804,03	1.675,99	2.804,03	1.276,31	2.520,70	2.963,98
11/2024	ES	1.681,52	2.813,28	1.681,52	2.813,28	1.280,52	2.529,02	2.973,76
12/2024	ES	1.690,10	2.827,63	1.690,10	2.827,63	1.287,05	2.541,92	2.988,93
01/2025	ES	1.699,85	2.875,83	1.699,85	2.875,83	1.305,98	2.582,33	3.031,36
02/2025	ES	1.703,42	2.881,87	1.703,42	2.881,87	1.308,72	2.587,75	3.037,73
03/2025	ES	1.712,62	2.897,43	1.712,62	2.897,43	1.315,79	2.601,72	3.054,13
04/2025	ES	1.716,39	2.903,80	1.716,39	2.903,80	1.318,68	2.607,44	3.060,85
05/2025	ES	1.722,40	2.913,96	1.722,40	2.913,96	1.323,30	2.616,57	3.071,56
06/2025	ES	1.730,67	2.927,95	1.730,67	2.927,95	1.329,65	2.629,13	3.086,30
07/2025	ES	1.738,11	2.940,54	1.738,11	2.940,54	1.335,37	2.640,44	3.099,57
08/2025	ES	1.754,10	2.967,59	1.754,10	2.967,59	1.347,66	2.664,73	3.128,09
09/2025	ES	1.759,71	2.977,09	1.759,71	2.977,09	1.351,97	2.673,26	3.138,10
10/2025	ES	1.773,96	3.001,20	1.773,96	3.001,20	1.362,92	2.694,91	3.163,52
11/2025	ES	1.782,83	3.016,21	1.782,83	3.016,21	1.369,73	2.708,38	3.179,34
12/2025	ES	1.787,64	3.024,35	1.787,64	3.024,35	1.373,43	2.715,69	3.187,92
01/2026	ES	1.839,07	3.096,05	1.839,07	3.096,05	1.402,97	2.778,36	3.265,68
02/2026	ES	1.848,82	3.112,47	1.848,82	3.112,47	1.410,40	2.793,08	3.282,98
03/2026	ES	1.854,55	3.122,12	1.854,55	3.122,12	1.414,77	2.801,74	3.293,16
04/2026	ES	1.858,63	3.128,99	1.858,63	3.128,99	1.417,88	2.807,90	3.300,40
05/2026	ES	1.865,69	3.140,88	1.865,69	3.140,88	1.423,27	2.818,57	3.312,94
06/2026	ES	1.878,94	3.163,18	1.878,94	3.163,18	1.433,38	2.838,58	3.336,46
07/2026	ES	1.885,33	3.173,93	1.885,33	3.173,93	1.438,25	2.848,23	3.347,80
08/2026	ES	1.908,33	3.212,65	1.908,33	3.212,65	1.455,80	2.882,98	3.388,64
01/2026	GO	1.456,86	2.595,61	1.456,86	2.595,61	1.213,00	2.279,97	2.730,88
02/2026	GO	1.464,58	2.609,37	1.464,58	2.609,37	1.219,43	2.292,05	2.745,35
03/2026	GO	1.469,12	2.617,46	1.469,12	2.617,46	1.223,21	2.299,16	2.753,86
04/2026	GO	1.472,35	2.623,22	1.472,35	2.623,22	1.225,90	2.304,22	2.759,92
05/2026	GO	1.477,94	2.633,19	1.477,94	2.633,19	1.230,56	2.312,98	2.770,41
06/2026	GO	1.488,43	2.651,89	1.488,43	2.651,89	1.239,30	2.329,40	2.790,08
07/2026	GO	1.493,49	2.660,91	1.493,49	2.660,91	1.243,51	2.337,32	2.799,57
08/2026	GO	1.511,71	2.693,37	1.511,71	2.693,37	1.258,68	2.365,84	2.833,72
06/2021	GO	1.086,38	1.850,80	1.086,38	1.850,80	854,58	1.631,89	1.900,04
07/2021	GO	1.105,72	1.883,74	1.105,72	1.883,74	869,79	1.660,94	1.933,86
08/2021	GO	1.132,92	1.930,08	1.132,92	1.930,08	891,19	1.701,80	1.981,43
09/2021	GO	1.154,33	1.966,56	1.154,33	1.966,56	908,03	1.733,96	2.018,88
10/2021	GO	1.165,76	1.986,03	1.165,76	1.986,03	917,02	1.751,13	2.038,87
11/2021	GO	1.175,67	2.002,91	1.175,67	2.002,91	924,81	1.766,01	2.056,20
12/2021	GO	1.187,31	2.022,74	1.187,31	2.022,74	933,97	1.783,49	2.076,56
01/2022	GO	1.144,57	1.970,18	1.144,57	1.970,18	935,28	1.739,99	2.025,86
02/2022	GO	1.150,18	1.979,83	1.150,18	1.979,83	939,86	1.748,52	2.035,79
03/2022	GO	1.158,58	1.994,28	1.158,58	1.994,28	946,72	1.761,28	2.050,65
04/2022	GO	1.164,72	2.004,85	1.164,72	2.004,85	951,74	1.770,61	2.061,52
05/2022	GO	1.176,72	2.025,50	1.176,72	2.025,50	961,54	1.788,85	2.082,75
06/2022	GO	1.190,37	2.049,00	1.190,37	2.049,00	972,69	1.809,60	2.106,91
07/2022	GO	1.216,44	2.093,87	1.216,44	2.093,87	993,99	1.849,23	2.153,05
08/2022	GO	1.237,00	2.129,26	1.237,00	2.129,26	1.010,79	1.880,48	2.189,44
09/2022	GO	1.255,31	2.160,77	1.255,31	2.160,77	1.025,75	1.908,31	2.221,84
10/2022	GO	1.262,47	2.173,09	1.262,47	2.173,09	1.031,60	1.919,19	2.234,50
11/2022	GO	1.268,02	2.182,65	1.268,02	2.182,65	1.036,14	1.927,63	2.244,33
12/2022	GO	1.273,09	2.191,38	1.273,09	2.191,38	1.040,28	1.935,34	2.253,31
01/2023	GO	1.234,65	2.200,06	1.234,65	2.200,06	1.024,29	1.947,96	2.261,71
02/2023	GO	1.235,64	2.201,82	1.235,64	2.201,82	1.025,11	1.949,52	2.263,52
03/2023	GO	1.239,84	2.209,31	1.239,84	2.209,31	1.028,60	1.956,15	2.271,22
04/2023	GO	1.240,71	2.210,86	1.240,71	2.210,86	1.029,32	1.957,52	2.272,81
05/2023	GO	1.243,32	2.215,50	1.243,32	2.215,50	1.031,48	1.961,63	2.277,58
06/2023	GO	1.246,55	2.221,26	1.246,55	2.221,26	1.034,16	1.966,73	2.283,50
07/2023	GO	1.251,66	2.230,37	1.251,66	2.230,37	1.038,40	1.974,79	2.292,86
08/2023	GO	1.257,29	2.240,41	1.257,29	2.240,41	1.043,07	1.983,68	2.303,18
09/2023	GO	1.260,31	2.245,79	1.260,31	2.245,79	1.045,57	1.988,44	2.308,71
10/2023	GO	1.262,96	2.250,51	1.262,96	2.250,51	1.047,77	1.992,62	2.313,56
11/2023	GO	1.263,47	2.251,41	1.263,47	2.251,41	1.048,19	1.993,42	2.314,49
12/2023	GO	1.265,37	2.254,79	1.265,37	2.254,79	1.049,76	1.996,41	2.317,96
01/2024	GO	1.265,64	2.265,08	1.265,64	2.265,08	1.052,39	2.000,95	2.329,18
02/2024	GO	1.268,93	2.270,97	1.268,93	2.270,97	1.055,13	2.006,15	2.335,24
03/2024	GO	1.271,47	2.275,51	1.271,47	2.275,51	1.057,24	2.010,16	2.339,91
04/2024	GO	1.273,25	2.278,70	1.273,25	2.278,70	1.058,72	2.012,97	2.343,19
05/2024	GO	1.274,14	2.280,30	1.274,14	2.280,30	1.059,46	2.014,38	2.344,83
06/2024	GO	1.279,62	2.290,11	1.279,62	2.290,11	1.064,02	2.023,04	2.354,91
07/2024	GO	1.281,92	2.294,23	1.281,92	2.294,23	1.065,94	2.026,68	2.359,15
08/2024	GO	1.289,74	2.308,22	1.289,74	2.308,22	1.072,44	2.039,04	2.373,54
09/2024	GO	1.295,03	2.317,68	1.295,03	2.317,68	1.076,84	2.047,40	2.383,27
10/2024	GO	1.303,32	2.332,51	1.303,32	2.332,51	1.083,73	2.060,50	2.398,52
11/2024	GO	1.307,62	2.340,21	1.307,62	2.340,21	1.087,31	2.067,30	2.406,44
12/2024	GO	1.314,29	2.352,15	1.314,29	2.352,15	1.092,86	2.077,84	2.418,71
01/2025	GO	1.331,06	2.374,23	1.331,06	2.374,23	1.116,30	2.096,18	2.483,20
02/2025	GO	1.333,86	2.379,22	1.333,86	2.379,22	1.118,64	2.100,58	2.488,41
03/2025	GO	1.341,06	2.392,07	1.341,06	2.392,07	1.124,68	2.111,92	2.501,85
04/2025	GO	1.344,01	2.397,33	1.344,01	2.397,33	1.127,15	2.116,57	2.507,35
05/2025	GO	1.348,71	2.405,72	1.348,71	2.405,72	1.131,10	2.123,98	2.516,13
06/2025	GO	1.355,18	2.417,27	1.355,18	2.417,27	1.136,53	2.134,18	2.528,21
07/2025	GO	1.361,01	2.427,66	1.361,01	2.427,66	1.141,42	2.143,36	2.539,08
08/2025	GO	1.373,53	2.449,99	1.373,53	2.449,99	1.151,92	2.163,08	2.562,44
09/2025	GO	1.377,93	2.457,83	1.377,93	2.457,83	1.155,61	2.170,00	2.570,64
10/2025	GO	1.389,09	2.477,74	1.389,09	2.477,74	1.164,97	2.187,58	2.591,46
11/2025	GO	1.396,04	2.490,13	1.396,04	2.490,13	1.170,79	2.198,52	2.604,42
12/2025	GO	1.399,81	2.496,85	1.399,81	2.496,85	1.173,95	2.204,46	2.611,45
01/2026	GO	1.456,86	2.595,61	1.456,86	2.595,61	1.213,00	2.279,97	2.730,88
02/2026	GO	1.464,58	2.609,37	1.464,58	2.609,37	1.219,43	2.292,05	2.745,35
03/2026	GO	1.469,12	2.617,46	1.469,12	2.617,46	1.223,21	2.299,16	2.753,86
04/2026	GO	1.472,35	2.623,22	1.472,35	2.623,22	1.225,90	2.304,22	2.759,92
05/2026	GO	1.477,94	2.633,19	1.477,94	2.633,19	1.230,56	2.312,98	2.770,41
06/2026	GO	1.488,43	2.651,89	1.488,43	2.651,89	1.239,30	2.329,40	2.790,08
07/2026	GO	1.493,49	2.660,91	1.493,49	2.660,91	1.243,51	2.337,32	2.799,57
08/2026	GO	1.511,71	2.693,37	1.511,71	2.693,37	1.258,68	2.365,84	2.833,72
06/2021	MA	1.007,37	1.738,24	1.007,37	1.738,24	801,23	1.540,38	1.771,14
07/2021	MA	1.025,30	1.769,18	1.025,30	1.769,18	815,49	1.567,80	1.802,67
08/2021	MA	1.050,52	1.812,70	1.050,52	1.812,70	835,55	1.606,37	1.847,02
09/2021	MA	1.070,37	1.846,96	1.070,37	1.846,96	851,34	1.636,73	1.881,93
10/2021	MA	1.080,97	1.865,24	1.080,97	1.865,24	859,77	1.652,93	1.900,56
11/2021	MA	1.090,16	1.881,09	1.090,16	1.881,09	867,08	1.666,98	1.916,71
12/2021	MA	1.100,95	1.899,71	1.100,95	1.899,71	875,66	1.683,48	1.935,69
01/2022	MA	1.019,37	1.772,79	1.019,37	1.772,79	814,96	1.568,79	1.802,37
02/2022	MA	1.024,36	1.781,48	1.024,36	1.781,48	818,95	1.576,48	1.811,20
03/2022	MA	1.031,84	1.794,48	1.031,84	1.794,48	824,93	1.587,99	1.824,42
04/2022	MA	1.037,31	1.803,99	1.037,31	1.803,99	829,30	1.596,41	1.834,09
05/2022	MA	1.047,99	1.822,57	1.047,99	1.822,57	837,84	1.612,85	1.852,98
06/2022	MA	1.060,15	1.843,71	1.060,15	1.843,71	847,56	1.631,56	1.874,47
07/2022	MA	1.083,37	1.884,09	1.083,37	1.884,09	866,12	1.667,29	1.915,52
08/2022	MA	1.101,68	1.915,93	1.101,68	1.915,93	880,76	1.695,47	1.947,89
09/2022	MA	1.117,98	1.944,29	1.117,98	1.944,29	893,80	1.720,56	1.976,72
10/2022	MA	1.124,35	1.955,37	1.124,35	1.955,37	898,89	1.730,37	1.987,99
11/2022	MA	1.129,30	1.963,97	1.129,30	1.963,97	902,85	1.737,98	1.996,74
12/2022	MA	1.133,82	1.971,83	1.133,82	1.971,83	906,46	1.744,93	2.004,73
01/2023	MA	1.075,43	1.874,59	1.075,43	1.874,59	866,65	1.657,92	1.921,01
02/2023	MA	1.076,29	1.876,09	1.076,29	1.876,09	867,34	1.659,25	1.922,55
03/2023	MA	1.079,95	1.882,47	1.079,95	1.882,47	870,29	1.664,89	1.929,09
04/2023	MA	1.080,71	1.883,79	1.080,71	1.883,79	870,90	1.666,06	1.930,44
05/2023	MA	1.082,98	1.887,75	1.082,98	1.887,75	872,73	1.669,56	1.934,49
06/2023	MA	1.085,80	1.892,66	1.085,80	1.892,66	875,00	1.673,90	1.939,52
07/2023	MA	1.090,25	1.900,42	1.090,25	1.900,42	878,59	1.680,76	1.947,47
08/2023	MA	1.095,16	1.908,97	1.095,16	1.908,97	882,54	1.688,32	1.956,23
09/2023	MA	1.097,79	1.913,55	1.097,79	1.913,55	884,66	1.692,37	1.960,92
10/2023	MA	1.100,10	1.917,57	1.100,10	1.917,57	886,52	1.695,92	1.965,04
11/2023	MA	1.100,54	1.918,34	1.100,54	1.918,34	886,87	1.696,60	1.965,83
12/2023	MA	1.102,19	1.921,22	1.102,19	1.921,22	888,20	1.699,14	1.968,78
Mês/Ano	UF	Casa popular	Comercial salas e lojas	Conjunto habitacional popular	Edifício de Garagens	Galpão industrial	Residencial multifamiliar	Residencial unifamiliar
01/2024	MA	1.127,56	1.992,54	1.127,56	1.992,54	920,92	1.752,48	2.013,65
02/2024	MA	1.130,49	1.997,72	1.130,49	1.997,72	923,31	1.757,04	2.018,89
03/2024	MA	1.132,75	2.001,72	1.132,75	2.001,72	925,16	1.760,55	2.022,93
04/2024	MA	1.134,34	2.004,52	1.134,34	2.004,52	926,46	1.763,01	2.025,76
05/2024	MA	1.135,13	2.005,92	1.135,13	2.005,92	927,11	1.764,24	2.027,18
06/2024	MA	1.140,01	2.014,55	1.140,01	2.014,55	931,10	1.771,83	2.035,90
07/2024	MA	1.142,06	2.018,18	1.142,06	2.018,18	932,78	1.775,02	2.039,56
08/2024	MA	1.149,03	2.030,49	1.149,03	2.030,49	938,47	1.785,85	2.052,00
09/2024	MA	1.153,74	2.038,82	1.153,74	2.038,82	942,32	1.793,17	2.060,41
10/2024	MA	1.161,12	2.051,87	1.161,12	2.051,87	948,35	1.804,65	2.073,60
11/2024	MA	1.164,95	2.058,64	1.164,95	2.058,64	951,48	1.810,61	2.080,44
12/2024	MA	1.170,89	2.069,14	1.170,89	2.069,14	956,33	1.819,84	2.091,05
01/2025	MA	1.167,21	2.069,63	1.167,21	2.069,63	961,04	1.818,72	2.092,90
02/2025	MA	1.169,66	2.073,98	1.169,66	2.073,98	963,06	1.822,54	2.097,30
03/2025	MA	1.175,98	2.085,18	1.175,98	2.085,18	968,26	1.832,38	2.108,63
04/2025	MA	1.178,57	2.089,77	1.178,57	2.089,77	970,39	1.836,41	2.113,27
05/2025	MA	1.182,69	2.097,08	1.182,69	2.097,08	973,79	1.842,84	2.120,67
06/2025	MA	1.188,37	2.107,15	1.188,37	2.107,15	978,46	1.851,69	2.130,85
07/2025	MA	1.193,48	2.116,21	1.193,48	2.116,21	982,67	1.859,65	2.140,01
08/2025	MA	1.204,46	2.135,68	1.204,46	2.135,68	991,71	1.876,76	2.159,70
09/2025	MA	1.208,31	2.142,51	1.208,31	2.142,51	994,88	1.882,77	2.166,61
10/2025	MA	1.218,10	2.159,86	1.218,10	2.159,86	1.002,94	1.898,02	2.184,16
11/2025	MA	1.224,19	2.170,66	1.224,19	2.170,66	1.007,95	1.907,51	2.195,08
12/2025	MA	1.227,50	2.176,52	1.227,50	2.176,52	1.010,67	1.912,66	2.201,01
01/2026	MA	1.259,51	2.201,36	1.259,51	2.201,36	1.050,42	2.155,71	2.253,67
02/2026	MA	1.266,19	2.213,02	1.266,19	2.213,02	1.055,99	2.167,14	2.265,62
03/2026	MA	1.270,12	2.219,88	1.270,12	2.219,88	1.059,26	2.173,86	2.272,64
04/2026	MA	1.272,91	2.224,76	1.272,91	2.224,76	1.061,59	2.178,64	2.277,64
05/2026	MA	1.277,75	2.233,21	1.277,75	2.233,21	1.065,62	2.186,92	2.286,30
06/2026	MA	1.286,82	2.249,07	1.286,82	2.249,07	1.073,19	2.202,45	2.302,53
07/2026	MA	1.291,20	2.256,72	1.291,20	2.256,72	1.076,84	2.209,94	2.310,36
08/2026	MA	1.306,95	2.284,25	1.306,95	2.284,25	1.089,98	2.236,90	2.338,55
01/2022	MT	1.416,42	2.564,84	1.416,42	2.564,84	1.122,21	2.245,99	2.516,45
02/2022	MT	1.423,36	2.577,41	1.423,36	2.577,41	1.127,71	2.257,00	2.528,78
03/2022	MT	1.433,75	2.596,23	1.433,75	2.596,23	1.135,94	2.273,48	2.547,24
04/2022	MT	1.441,35	2.609,99	1.441,35	2.609,99	1.141,96	2.285,53	2.560,74
05/2022	MT	1.456,20	2.636,87	1.456,20	2.636,87	1.153,72	2.309,07	2.587,12
06/2022	MT	1.473,09	2.667,46	1.473,09	2.667,46	1.167,10	2.335,86	2.617,13
07/2022	MT	1.505,35	2.725,88	1.505,35	2.725,88	1.192,66	2.387,02	2.674,45
08/2022	MT	1.530,79	2.771,95	1.530,79	2.771,95	1.212,82	2.427,36	2.719,65
09/2022	MT	1.553,45	2.812,97	1.553,45	2.812,97	1.230,77	2.463,28	2.759,90
10/2022	MT	1.562,30	2.829,00	1.562,30	2.829,00	1.237,79	2.477,32	2.775,63
11/2022	MT	1.569,17	2.841,45	1.569,17	2.841,45	1.243,24	2.488,22	2.787,84
12/2022	MT	1.575,45	2.852,82	1.575,45	2.852,82	1.248,21	2.498,17	2.798,99
01/2023	MT	1.732,32	3.097,99	1.732,32	3.097,99	1.361,61	2.713,39	3.071,42
02/2023	MT	1.733,71	3.100,47	1.733,71	3.100,47	1.362,70	2.715,56	3.073,88
03/2023	MT	1.739,60	3.111,01	1.739,60	3.111,01	1.367,33	2.724,79	3.084,33
04/2023	MT	1.740,82	3.113,19	1.740,82	3.113,19	1.368,29	2.726,70	3.086,49
05/2023	MT	1.744,48	3.119,73	1.744,48	3.119,73	1.371,16	2.732,43	3.092,97
06/2023	MT	1.749,02	3.127,84	1.749,02	3.127,84	1.374,73	2.739,53	3.101,01
07/2023	MT	1.756,19	3.140,66	1.756,19	3.140,66	1.380,37	2.750,76	3.113,72
08/2023	MT	1.764,09	3.154,79	1.764,09	3.154,79	1.386,58	2.763,14	3.127,73
09/2023	MT	1.768,32	3.162,36	1.768,32	3.162,36	1.389,91	2.769,77	3.135,24
10/2023	MT	1.772,03	3.169,00	1.772,03	3.169,00	1.392,83	2.775,59	3.141,82
11/2023	MT	1.772,74	3.170,27	1.772,74	3.170,27	1.393,39	2.776,70	3.143,08
12/2023	MT	1.775,40	3.175,03	1.775,40	3.175,03	1.395,48	2.780,87	3.147,79
01/2024	MT	1.896,74	3.385,89	1.896,74	3.385,89	1.496,75	2.961,20	3.372,97
02/2024	MT	1.901,67	3.394,69	1.901,67	3.394,69	1.500,64	2.968,90	3.381,74
03/2024	MT	1.905,47	3.401,48	1.905,47	3.401,48	1.503,64	2.974,84	3.388,50
04/2024	MT	1.908,14	3.406,24	1.908,14	3.406,24	1.505,75	2.979,00	3.393,24
05/2024	MT	1.909,48	3.408,62	1.909,48	3.408,62	1.506,80	2.981,09	3.395,62
06/2024	MT	1.917,69	3.423,28	1.917,69	3.423,28	1.513,28	2.993,91	3.410,22
07/2024	MT	1.921,14	3.429,44	1.921,14	3.429,44	1.516,00	2.999,30	3.416,36
08/2024	MT	1.932,86	3.450,36	1.932,86	3.450,36	1.525,25	3.017,60	3.437,20
09/2024	MT	1.940,78	3.464,51	1.940,78	3.464,51	1.531,50	3.029,97	3.451,29
10/2024	MT	1.953,20	3.486,68	1.953,20	3.486,68	1.541,30	3.049,36	3.473,38
11/2024	MT	1.959,65	3.498,19	1.959,65	3.498,19	1.546,39	3.059,42	3.484,84
12/2024	MT	1.969,64	3.516,03	1.969,64	3.516,03	1.554,28	3.075,02	3.502,61
01/2025	MT	2.039,51	3.646,19	2.039,51	3.646,19	1.613,65	3.189,97	3.650,19
02/2025	MT	2.043,79	3.653,85	2.043,79	3.653,85	1.617,04	3.196,67	3.657,86
03/2025	MT	2.054,83	3.673,58	2.054,83	3.673,58	1.625,77	3.213,93	3.677,61
04/2025	MT	2.059,35	3.681,66	2.059,35	3.681,66	1.629,35	3.221,00	3.685,70
05/2025	MT	2.066,56	3.694,55	2.066,56	3.694,55	1.635,05	3.232,27	3.698,60
06/2025	MT	2.076,48	3.712,28	2.076,48	3.712,28	1.642,90	3.247,78	3.716,35
07/2025	MT	2.085,41	3.728,24	2.085,41	3.728,24	1.649,96	3.261,75	3.732,33
08/2025	MT	2.104,60	3.762,54	2.104,60	3.762,54	1.665,14	3.291,76	3.766,67
09/2025	MT	2.111,33	3.774,58	2.111,33	3.774,58	1.670,47	3.302,29	3.778,72
10/2025	MT	2.128,43	3.805,15	2.128,43	3.805,15	1.684,00	3.329,04	3.809,33
11/2025	MT	2.139,07	3.824,18	2.139,07	3.824,18	1.692,42	3.345,69	3.828,38
12/2025	MT	2.144,85	3.834,51	2.144,85	3.834,51	1.696,99	3.354,72	3.838,72
01/2026	MT	2.132,49	3.797,58	2.132,49	3.797,58	1.670,00	3.341,94	3.845,40
02/2026	MT	2.143,80	3.817,71	2.143,80	3.817,71	1.678,85	3.359,65	3.865,79
03/2026	MT	2.150,45	3.829,54	2.150,45	3.829,54	1.684,05	3.370,06	3.877,77
04/2026	MT	2.155,18	3.837,96	2.155,18	3.837,96	1.687,75	3.377,47	3.886,30
05/2026	MT	2.163,37	3.852,54	2.163,37	3.852,54	1.694,16	3.390,30	3.901,07
06/2026	MT	2.178,73	3.879,89	2.178,73	3.879,89	1.706,19	3.414,37	3.928,77
07/2026	MT	2.186,14	3.893,08	2.186,14	3.893,08	1.711,99	3.425,98	3.942,13
08/2026	MT	2.212,81	3.940,58	2.212,81	3.940,58	1.732,88	3.467,78	3.990,22
06/2021	MS	947,99	1.610,07	947,99	1.610,07	719,13	1.423,17	1.596,20
07/2021	MS	964,86	1.638,73	964,86	1.638,73	731,93	1.448,50	1.624,61
08/2021	MS	988,60	1.679,04	988,60	1.679,04	749,94	1.484,13	1.664,58
09/2021	MS	1.007,28	1.710,77	1.007,28	1.710,77	764,11	1.512,18	1.696,04
10/2021	MS	1.017,25	1.727,71	1.017,25	1.727,71	771,67	1.527,15	1.712,83
11/2021	MS	1.025,90	1.742,40	1.025,90	1.742,40	778,23	1.540,13	1.727,39
12/2021	MS	1.036,06	1.759,65	1.036,06	1.759,65	785,93	1.555,38	1.744,49
01/2022	MS	1.037,26	1.812,13	1.037,26	1.812,13	820,75	1.587,52	1.759,87
02/2022	MS	1.042,34	1.821,01	1.042,34	1.821,01	824,77	1.595,30	1.768,49
03/2022	MS	1.049,95	1.834,30	1.049,95	1.834,30	830,79	1.606,95	1.781,40
04/2022	MS	1.055,51	1.844,02	1.055,51	1.844,02	835,19	1.615,47	1.790,84
05/2022	MS	1.066,38	1.863,01	1.066,38	1.863,01	843,79	1.632,11	1.809,29
06/2022	MS	1.078,75	1.884,62	1.078,75	1.884,62	853,58	1.651,04	1.830,28
07/2022	MS	1.102,37	1.925,89	1.102,37	1.925,89	872,27	1.687,20	1.870,36
08/2022	MS	1.121,00	1.958,44	1.121,00	1.958,44	887,01	1.715,71	1.901,97
09/2022	MS	1.137,59	1.987,42	1.137,59	1.987,42	900,14	1.741,10	1.930,12
10/2022	MS	1.144,07	1.998,75	1.144,07	1.998,75	905,27	1.751,02	1.941,12
11/2022	MS	1.149,10	2.007,54	1.149,10	2.007,54	909,25	1.758,72	1.949,66
12/2022	MS	1.153,70	2.015,57	1.153,70	2.015,57	912,89	1.765,75	1.957,46
01/2023	MS	1.118,00	1.993,45	1.118,00	1.993,45	902,74	1.737,43	1.918,69
02/2023	MS	1.118,89	1.995,04	1.118,89	1.995,04	903,46	1.738,82	1.920,22
03/2023	MS	1.122,69	2.001,82	1.122,69	2.001,82	906,53	1.744,73	1.926,75
04/2023	MS	1.123,48	2.003,22	1.123,48	2.003,22	907,16	1.745,95	1.928,10
05/2023	MS	1.125,84	2.007,43	1.125,84	2.007,43	909,07	1.749,62	1.932,15
06/2023	MS	1.128,77	2.012,65	1.128,77	2.012,65	911,43	1.754,17	1.937,17
07/2023	MS	1.133,40	2.020,90	1.133,40	2.020,90	915,17	1.761,36	1.945,11
08/2023	MS	1.138,50	2.029,99	1.138,50	2.029,99	919,29	1.769,29	1.953,86
09/2023	MS	1.141,23	2.034,86	1.141,23	2.034,86	921,50	1.773,54	1.958,55
10/2023	MS	1.143,63	2.039,13	1.143,63	2.039,13	923,44	1.777,26	1.962,66
11/2023	MS	1.144,09	2.039,95	1.144,09	2.039,95	923,81	1.777,97	1.963,45
12/2023	MS	1.145,81	2.043,01	1.145,81	2.043,01	925,20	1.780,64	1.966,40
01/2024	MS	1.151,18	2.083,60	1.151,18	2.083,60	941,35	1.809,04	1.997,09
02/2024	MS	1.154,17	2.089,02	1.154,17	2.089,02	943,80	1.813,74	2.002,28
03/2024	MS	1.156,48	2.093,20	1.156,48	2.093,20	945,69	1.817,37	2.006,28
04/2024	MS	1.158,10	2.096,13	1.158,10	2.096,13	947,01	1.819,91	2.009,09
05/2024	MS	1.158,91	2.097,60	1.158,91	2.097,60	947,67	1.821,18	2.010,50
06/2024	MS	1.163,89	2.106,62	1.163,89	2.106,62	951,74	1.829,01	2.019,15
07/2024	MS	1.165,99	2.110,41	1.165,99	2.110,41	953,45	1.832,30	2.022,78
08/2024	MS	1.173,10	2.123,28	1.173,10	2.123,28	959,27	1.843,48	2.035,12
09/2024	MS	1.177,91	2.131,99	1.177,91	2.131,99	963,20	1.851,04	2.043,46
10/2024	MS	1.185,45	2.145,63	1.185,45	2.145,63	969,36	1.862,89	2.056,54
11/2024	MS	1.189,36	2.152,71	1.189,36	2.152,71	972,56	1.869,04	2.063,33
12/2024	MS	1.195,43	2.163,69	1.195,43	2.163,69	977,52	1.878,57	2.073,85
Mês/Ano	UF	Casa popular	Comercial salas e lojas	Conjunto habitacional popular	Edifício de Garagens	Galpão industrial	Residencial multifamiliar	Residencial unifamiliar
01/2025	MS	1.156,71	2.096,92	1.156,71	2.096,92	944,11	1.821,24	2.003,02
02/2025	MS	1.159,14	2.101,32	1.159,14	2.101,32	946,09	1.825,06	2.007,23
03/2025	MS	1.165,40	2.112,67	1.165,40	2.112,67	951,20	1.834,92	2.018,07
04/2025	MS	1.167,96	2.117,32	1.167,96	2.117,32	953,29	1.838,96	2.022,51
05/2025	MS	1.172,05	2.124,73	1.172,05	2.124,73	956,63	1.845,40	2.029,59
06/2025	MS	1.177,68	2.134,93	1.177,68	2.134,93	961,22	1.854,26	2.039,33
07/2025	MS	1.182,74	2.144,11	1.182,74	2.144,11	965,35	1.862,23	2.048,10
08/2025	MS	1.193,62	2.163,84	1.193,62	2.163,84	974,23	1.879,36	2.066,94
09/2025	MS	1.197,44	2.170,76	1.197,44	2.170,76	977,35	1.885,37	2.073,55
10/2025	MS	1.207,14	2.188,34	1.207,14	2.188,34	985,27	1.900,64	2.090,35
11/2025	MS	1.213,18	2.199,28	1.213,18	2.199,28	990,20	1.910,14	2.100,80
12/2025	MS	1.216,46	2.205,22	1.216,46	2.205,22	992,87	1.915,30	2.106,47
01/2026	MS	2.132,49	3.797,58	2.132,49	3.797,58	1.670,00	3.341,94	3.845,40
02/2026	MS	1.246,94	2.262,57	1.246,94	2.262,57	1.019,92	1.820,34	2.173,27
03/2026	MS	1.250,81	2.269,58	1.250,81	2.269,58	1.023,08	1.825,98	2.180,01
04/2026	MS	1.253,56	2.274,57	1.253,56	2.274,57	1.025,33	1.830,00	2.184,81
05/2026	MS	1.258,32	2.283,21	1.258,32	2.283,21	1.029,23	1.836,95	2.193,11
06/2026	MS	1.267,25	2.299,42	1.267,25	2.299,42	1.036,54	1.849,99	2.208,68
07/2026	MS	1.271,56	2.307,24	1.271,56	2.307,24	1.040,06	1.856,28	2.216,19
08/2026	MS	1.287,07	2.335,39	1.287,07	2.335,39	1.052,75	1.878,93	2.243,23
06/2021	MG	1.171,39	2.104,59	1.171,39	2.104,59	946,16	1.848,03	2.098,02
07/2021	MG	1.192,24	2.142,05	1.192,24	2.142,05	963,00	1.880,92	2.135,36
08/2021	MG	1.221,57	2.194,74	1.221,57	2.194,74	986,69	1.927,19	2.187,89
09/2021	MG	1.244,66	2.236,22	1.244,66	2.236,22	1.005,34	1.963,61	2.229,24
10/2021	MG	1.256,98	2.258,36	1.256,98	2.258,36	1.015,29	1.983,05	2.251,31
11/2021	MG	1.267,66	2.277,56	1.267,66	2.277,56	1.023,92	1.999,91	2.270,45
12/2021	MG	1.280,21	2.300,11	1.280,21	2.300,11	1.034,06	2.019,71	2.292,93
01/2022	MG	1.277,85	2.266,79	1.277,85	2.266,79	1.048,82	1.999,90	2.303,45
02/2022	MG	1.284,11	2.277,90	1.284,11	2.277,90	1.053,96	2.009,70	2.314,74
03/2022	MG	1.293,48	2.294,53	1.293,48	2.294,53	1.061,65	2.024,37	2.331,64
04/2022	MG	1.300,34	2.306,69	1.300,34	2.306,69	1.067,28	2.035,10	2.344,00
05/2022	MG	1.313,73	2.330,45	1.313,73	2.330,45	1.078,27	2.056,06	2.368,14
06/2022	MG	1.328,97	2.357,48	1.328,97	2.357,48	1.090,78	2.079,91	2.395,61
07/2022	MG	1.358,07	2.409,11	1.358,07	2.409,11	1.114,67	2.125,46	2.448,07
08/2022	MG	1.381,02	2.449,82	1.381,02	2.449,82	1.133,51	2.161,38	2.489,44
09/2022	MG	1.401,46	2.486,08	1.401,46	2.486,08	1.150,29	2.193,37	2.526,28
10/2022	MG	1.409,45	2.500,25	1.409,45	2.500,25	1.156,85	2.205,87	2.540,68
11/2022	MG	1.415,65	2.511,25	1.415,65	2.511,25	1.161,94	2.215,58	2.551,86
12/2022	MG	1.421,31	2.521,29	1.421,31	2.521,29	1.166,59	2.224,44	2.562,07
01/2023	MG	1.444,99	2.537,92	1.444,99	2.537,92	1.139,82	2.257,72	2.614,78
02/2023	MG	1.446,15	2.539,95	1.446,15	2.539,95	1.140,73	2.259,53	2.616,87
03/2023	MG	1.451,07	2.548,59	1.451,07	2.548,59	1.144,61	2.267,21	2.625,77
04/2023	MG	1.452,09	2.550,37	1.452,09	2.550,37	1.145,41	2.268,80	2.627,61
05/2023	MG	1.455,14	2.555,73	1.455,14	2.555,73	1.147,82	2.273,56	2.633,13
06/2023	MG	1.458,92	2.562,37	1.458,92	2.562,37	1.150,80	2.279,47	2.639,98
07/2023	MG	1.464,90	2.572,88	1.464,90	2.572,88	1.155,52	2.288,82	2.650,80
08/2023	MG	1.471,49	2.584,46	1.471,49	2.584,46	1.160,72	2.299,12	2.662,73
09/2023	MG	1.475,02	2.590,66	1.475,02	2.590,66	1.163,51	2.304,64	2.669,12
10/2023	MG	1.478,12	2.596,10	1.478,12	2.596,10	1.165,95	2.309,48	2.674,73
11/2023	MG	1.478,71	2.597,14	1.478,71	2.597,14	1.166,42	2.310,40	2.675,80
12/2023	MG	1.480,93	2.601,04	1.480,93	2.601,04	1.168,17	2.313,87	2.679,81
01/2024	MG	1.514,62	2.648,10	1.514,62	2.648,10	1.163,11	2.352,33	2.709,99
02/2024	MG	1.518,56	2.654,99	1.518,56	2.654,99	1.166,13	2.358,45	2.717,04
03/2024	MG	1.521,60	2.660,30	1.521,60	2.660,30	1.168,46	2.363,17	2.722,47
04/2024	MG	1.523,73	2.664,02	1.523,73	2.664,02	1.170,10	2.366,48	2.726,28
05/2024	MG	1.524,80	2.665,88	1.524,80	2.665,88	1.170,92	2.368,14	2.728,19
06/2024	MG	1.531,36	2.677,34	1.531,36	2.677,34	1.175,95	2.378,32	2.739,92
07/2024	MG	1.534,12	2.682,16	1.534,12	2.682,16	1.178,07	2.382,60	2.744,85
08/2024	MG	1.543,48	2.698,52	1.543,48	2.698,52	1.185,26	2.397,13	2.761,59
09/2024	MG	1.549,81	2.709,58	1.549,81	2.709,58	1.190,12	2.406,96	2.772,91
10/2024	MG	1.559,73	2.726,92	1.559,73	2.726,92	1.197,74	2.422,36	2.790,66
11/2024	MG	1.564,88	2.735,92	1.564,88	2.735,92	1.201,69	2.430,35	2.799,87
12/2024	MG	1.572,86	2.749,87	1.572,86	2.749,87	1.207,82	2.442,74	2.814,15
Mês/Ano	UF	Casa popular	Comercial salas e lojas	Conjunto habitacional popular	Edifício de Garagens	Galpão industrial	Residencial multifamiliar	Residencial unifamiliar
01/2025	MG	1.593,55	2.777,30	1.593,55	2.777,30	1.225,47	2.472,54	2.865,47
02/2025	MG	1.596,90	2.783,13	1.596,90	2.783,13	1.228,04	2.477,73	2.871,49
03/2025	MG	1.605,52	2.798,16	1.605,52	2.798,16	1.234,67	2.491,11	2.887,00
04/2025	MG	1.609,05	2.804,32	1.609,05	2.804,32	1.237,39	2.496,59	2.893,35
05/2025	MG	1.614,68	2.814,14	1.614,68	2.814,14	1.241,72	2.505,33	2.903,48
06/2025	MG	1.622,43	2.827,65	1.622,43	2.827,65	1.247,68	2.517,36	2.917,42
07/2025	MG	1.629,41	2.839,81	1.629,41	2.839,81	1.253,05	2.528,18	2.929,96
08/2025	MG	1.644,40	2.865,94	1.644,40	2.865,94	1.264,58	2.551,44	2.956,92
09/2025	MG	1.649,66	2.875,11	1.649,66	2.875,11	1.268,63	2.559,60	2.966,38
10/2025	MG	1.663,02	2.898,40	1.663,02	2.898,40	1.278,91	2.580,33	2.990,41
11/2025	MG	1.671,34	2.912,89	1.671,34	2.912,89	1.285,30	2.593,23	3.005,36
12/2025	MG	1.675,85	2.920,75	1.675,85	2.920,75	1.288,77	2.600,23	3.013,47
01/2026	MG	1.656,18	2.870,65	1.656,18	2.870,65	1.262,83	2.556,70	2.947,06
02/2026	MG	1.664,95	2.885,86	1.664,95	2.885,86	1.269,53	2.570,25	2.962,67
03/2026	MG	1.670,11	2.894,81	1.670,11	2.894,81	1.273,47	2.578,22	2.971,85
04/2026	MG	1.673,78	2.901,18	1.673,78	2.901,18	1.276,27	2.583,89	2.978,39
05/2026	MG	1.680,14	2.912,20	1.680,14	2.912,20	1.281,12	2.593,71	2.989,71
06/2026	MG	1.692,07	2.932,88	1.692,07	2.932,88	1.290,22	2.612,13	3.010,94
07/2026	MG	1.697,82	2.942,85	1.697,82	2.942,85	1.294,61	2.621,01	3.021,18
08/2026	MG	1.718,53	2.978,75	1.718,53	2.978,75	1.310,40	2.652,99	3.058,04
06/2021	PA	1.120,27	2.005,27	1.120,27	2.005,27	919,80	1.766,19	1.966,75
07/2021	PA	1.140,21	2.040,96	1.140,21	2.040,96	936,17	1.797,63	2.001,76
08/2021	PA	1.168,26	2.091,17	1.168,26	2.091,17	959,20	1.841,85	2.051,00
09/2021	PA	1.190,34	2.130,69	1.190,34	2.130,69	977,33	1.876,66	2.089,76
10/2021	PA	1.202,12	2.151,78	1.202,12	2.151,78	987,01	1.895,24	2.110,45
11/2021	PA	1.212,34	2.170,07	1.212,34	2.170,07	995,40	1.911,35	2.128,39
12/2021	PA	1.224,34	2.191,55	1.224,34	2.191,55	1.005,25	1.930,27	2.149,46
01/2022	PA	1.249,53	2.188,07	1.249,53	2.188,07	1.017,43	1.920,91	2.123,63
02/2022	PA	1.255,65	2.198,79	1.255,65	2.198,79	1.022,42	1.930,32	2.134,04
03/2022	PA	1.264,82	2.214,84	1.264,82	2.214,84	1.029,88	1.944,41	2.149,62
04/2022	PA	1.271,52	2.226,58	1.271,52	2.226,58	1.035,34	1.954,72	2.161,01
05/2022	PA	1.284,62	2.249,51	1.284,62	2.249,51	1.046,00	1.974,85	2.183,27
06/2022	PA	1.299,52	2.275,60	1.299,52	2.275,60	1.058,13	1.997,76	2.208,60
07/2022	PA	1.327,98	2.325,44	1.327,98	2.325,44	1.081,30	2.041,51	2.256,97
08/2022	PA	1.350,42	2.364,74	1.350,42	2.364,74	1.099,57	2.076,01	2.295,11
09/2022	PA	1.370,41	2.399,74	1.370,41	2.399,74	1.115,84	2.106,73	2.329,08
10/2022	PA	1.378,22	2.413,42	1.378,22	2.413,42	1.122,20	2.118,74	2.342,36
11/2022	PA	1.384,28	2.424,04	1.384,28	2.424,04	1.127,14	2.128,06	2.352,67
12/2022	PA	1.389,82	2.433,74	1.389,82	2.433,74	1.131,65	2.136,57	2.362,08
01/2023	PA	1.283,64	2.310,59	1.283,64	2.310,59	1.085,19	2.077,34	2.357,27
02/2023	PA	1.284,67	2.312,44	1.284,67	2.312,44	1.086,06	2.079,00	2.359,16
03/2023	PA	1.289,04	2.320,30	1.289,04	2.320,30	1.089,75	2.086,07	2.367,18
04/2023	PA	1.289,94	2.321,92	1.289,94	2.321,92	1.090,51	2.087,53	2.368,84
05/2023	PA	1.292,65	2.326,80	1.292,65	2.326,80	1.092,80	2.091,91	2.373,81
06/2023	PA	1.296,01	2.332,85	1.296,01	2.332,85	1.095,64	2.097,35	2.379,98
07/2023	PA	1.301,32	2.342,41	1.301,32	2.342,41	1.100,13	2.105,95	2.389,74
08/2023	PA	1.307,18	2.352,95	1.307,18	2.352,95	1.105,08	2.115,43	2.400,49
09/2023	PA	1.310,32	2.358,60	1.310,32	2.358,60	1.107,73	2.120,51	2.406,25
10/2023	PA	1.313,07	2.363,55	1.313,07	2.363,55	1.110,06	2.124,96	2.411,30
11/2023	PA	1.313,60	2.364,50	1.313,60	2.364,50	1.110,50	2.125,81	2.412,26
12/2023	PA	1.315,57	2.368,05	1.315,57	2.368,05	1.112,17	2.129,00	2.415,88
01/2024	PA	1.359,58	2.433,76	1.359,58	2.433,76	1.142,77	2.174,94	2.517,09
02/2024	PA	1.363,11	2.440,09	1.363,11	2.440,09	1.145,74	2.180,59	2.523,63
03/2024	PA	1.365,84	2.444,97	1.365,84	2.444,97	1.148,03	2.184,95	2.528,68
04/2024	PA	1.367,75	2.448,39	1.367,75	2.448,39	1.149,64	2.188,01	2.532,22
05/2024	PA	1.368,71	2.450,10	1.368,71	2.450,10	1.150,44	2.189,54	2.533,99
06/2024	PA	1.374,60	2.460,64	1.374,60	2.460,64	1.155,39	2.198,96	2.544,89
07/2024	PA	1.377,07	2.465,07	1.377,07	2.465,07	1.157,47	2.202,92	2.549,47
08/2024	PA	1.385,47	2.480,11	1.385,47	2.480,11	1.164,53	2.216,36	2.565,02
09/2024	PA	1.391,15	2.490,28	1.391,15	2.490,28	1.169,30	2.225,45	2.575,54
10/2024	PA	1.400,05	2.506,22	1.400,05	2.506,22	1.176,78	2.239,69	2.592,02
11/2024	PA	1.404,67	2.514,49	1.404,67	2.514,49	1.180,66	2.247,08	2.600,57
12/2024	PA	1.411,83	2.527,31	1.411,83	2.527,31	1.186,68	2.258,54	2.613,83
01/2025	PA	1.528,06	2.601,68	1.528,06	2.601,68	1.246,92	2.338,47	2.674,42
02/2025	PA	1.531,27	2.607,14	1.531,27	2.607,14	1.249,54	2.343,38	2.680,04
03/2025	PA	1.539,54	2.621,22	1.539,54	2.621,22	1.256,29	2.356,03	2.694,51
04/2025	PA	1.542,93	2.626,99	1.542,93	2.626,99	1.259,05	2.361,21	2.700,44
05/2025	PA	1.548,33	2.636,18	1.548,33	2.636,18	1.263,46	2.369,47	2.709,89
06/2025	PA	1.555,76	2.648,83	1.555,76	2.648,83	1.269,52	2.380,84	2.722,90
07/2025	PA	1.562,45	2.660,22	1.562,45	2.660,22	1.274,98	2.391,08	2.734,61
08/2025	PA	1.576,82	2.684,69	1.576,82	2.684,69	1.286,71	2.413,08	2.759,77
09/2025	PA	1.581,87	2.693,28	1.581,87	2.693,28	1.290,83	2.420,80	2.768,60
10/2025	PA	1.594,68	2.715,10	1.594,68	2.715,10	1.301,29	2.440,41	2.791,03
11/2025	PA	1.602,65	2.728,68	1.602,65	2.728,68	1.307,80	2.452,61	2.804,99
12/2025	PA	1.606,98	2.736,05	1.606,98	2.736,05	1.311,33	2.459,23	2.812,56
01/2026	PA	1.588,45	2.753,28	1.588,45	2.753,28	1.302,00	2.445,39	2.799,38
02/2026	PA	1.596,87	2.767,86	1.596,87	2.767,86	1.308,90	2.458,36	2.814,21
03/2026	PA	1.601,82	2.776,44	1.601,82	2.776,44	1.312,96	2.465,98	2.822,93
04/2026	PA	1.605,34	2.782,55	1.605,34	2.782,55	1.315,85	2.471,41	2.829,14
05/2026	PA	1.611,44	2.793,12	1.611,44	2.793,12	1.320,85	2.480,80	2.839,89
06/2026	PA	1.622,88	2.812,95	1.622,88	2.812,95	1.330,23	2.498,41	2.860,05
07/2026	PA	1.628,40	2.822,51	1.628,40	2.822,51	1.334,75	2.506,90	2.869,77
08/2026	PA	1.648,27	2.856,94	1.648,27	2.856,94	1.351,03	2.537,48	2.904,78
06/2021	PB	864,70	1.645,86	864,70	1.645,86	785,34	1.423,78	1.602,66
07/2021	PB	880,09	1.675,16	880,09	1.675,16	799,32	1.449,12	1.631,19
08/2021	PB	901,74	1.716,37	901,74	1.716,37	818,98	1.484,77	1.671,32
09/2021	PB	918,78	1.748,81	918,78	1.748,81	834,46	1.512,83	1.702,91
10/2021	PB	927,88	1.766,12	927,88	1.766,12	842,72	1.527,81	1.719,77
11/2021	PB	935,77	1.781,13	935,77	1.781,13	849,88	1.540,80	1.734,39
12/2021	PB	945,03	1.798,76	945,03	1.798,76	858,29	1.556,05	1.751,56
01/2022	PB	950,09	1.773,06	950,09	1.773,06	837,75	1.563,26	1.790,32
02/2022	PB	954,75	1.781,75	954,75	1.781,75	841,85	1.570,92	1.799,09
03/2022	PB	961,72	1.794,76	961,72	1.794,76	848,00	1.582,39	1.812,22
04/2022	PB	966,82	1.804,27	966,82	1.804,27	852,49	1.590,78	1.821,82
05/2022	PB	976,78	1.822,85	976,78	1.822,85	861,27	1.607,17	1.840,58
07/2022	PB	1.009,75	1.884,38	1.009,75	1.884,38	890,34	1.661,42	1.902,71
06/2022	PB	988,11	1.844,00	988,11	1.844,00	871,26	1.625,81	1.861,93
01/2023	PB	1.010,09	1.934,45	1.010,09	1.934,45	960,73	1.690,61	2.017,71
02/2023	PB	1.010,90	1.936,00	1.010,90	1.936,00	961,50	1.691,96	2.019,32
03/2023	PB	1.014,34	1.942,58	1.014,34	1.942,58	964,77	1.697,71	2.026,19
04/2023	PB	1.015,05	1.943,94	1.015,05	1.943,94	965,45	1.698,90	2.027,61
05/2023	PB	1.017,18	1.948,02	1.017,18	1.948,02	967,48	1.702,47	2.031,87
06/2023	PB	1.019,82	1.953,08	1.019,82	1.953,08	970,00	1.706,90	2.037,15
07/2023	PB	1.024,00	1.961,09	1.024,00	1.961,09	973,98	1.713,90	2.045,50
08/2023	PB	1.028,61	1.969,91	1.028,61	1.969,91	978,36	1.721,61	2.054,70
09/2023	PB	1.031,08	1.974,64	1.031,08	1.974,64	980,71	1.725,74	2.059,63
10/2023	PB	1.033,25	1.978,79	1.033,25	1.978,79	982,77	1.729,36	2.063,96
11/2023	PB	1.033,66	1.979,58	1.033,66	1.979,58	983,16	1.730,05	2.064,79
12/2023	PB	1.035,21	1.982,55	1.035,21	1.982,55	984,63	1.732,65	2.067,89
01/2024	PB	1.030,30	1.927,90	1.030,30	1.927,90	966,37	1.707,53	2.102,73
02/2024	PB	1.032,98	1.932,91	1.032,98	1.932,91	968,88	1.711,97	2.108,20
03/2024	PB	1.035,05	1.936,78	1.035,05	1.936,78	970,82	1.715,39	2.112,42
04/2024	PB	1.036,50	1.939,49	1.036,50	1.939,49	972,18	1.717,79	2.115,38
05/2024	PB	1.037,23	1.940,85	1.037,23	1.940,85	972,86	1.718,99	2.116,86
06/2024	PB	1.041,69	1.949,20	1.041,69	1.949,20	977,04	1.726,38	2.125,96
07/2024	PB	1.043,57	1.952,71	1.043,57	1.952,71	978,80	1.729,49	2.129,79
08/2024	PB	1.049,94	1.964,62	1.049,94	1.964,62	984,77	1.740,04	2.142,78
09/2024	PB	1.054,24	1.972,67	1.054,24	1.972,67	988,81	1.747,17	2.151,57
10/2024	PB	1.060,99	1.985,30	1.060,99	1.985,30	995,14	1.758,35	2.165,34
11/2024	PB	1.064,49	1.991,85	1.064,49	1.991,85	998,42	1.764,15	2.172,49
12/2024	PB	1.069,92	2.002,01	1.069,92	2.002,01	1.003,51	1.773,15	2.183,57
01/2025	PB	1.058,76	2.004,87	1.058,76	2.004,87	977,10	1.778,62	2.149,36
02/2025	PB	1.060,98	2.009,08	1.060,98	2.009,08	979,15	1.782,36	2.153,87
03/2025	PB	1.066,71	2.019,93	1.066,71	2.019,93	984,44	1.791,98	2.165,50
04/2025	PB	1.069,06	2.024,37	1.069,06	2.024,37	986,61	1.795,92	2.170,26
05/2025	PB	1.072,80	2.031,46	1.072,80	2.031,46	990,06	1.802,21	2.177,86
06/2025	PB	1.077,95	2.041,21	1.077,95	2.041,21	994,81	1.810,86	2.188,31
07/2025	PB	1.082,59	2.049,99	1.082,59	2.049,99	999,09	1.818,65	2.197,72
08/2025	PB	1.092,55	2.068,85	1.092,55	2.068,85	1.008,28	1.835,38	2.217,94
09/2025	PB	1.096,05	2.075,47	1.096,05	2.075,47	1.011,51	1.841,25	2.225,04
10/2025	PB	1.104,93	2.092,28	1.104,93	2.092,28	1.019,70	1.856,16	2.243,06
11/2025	PB	1.110,45	2.102,74	1.110,45	2.102,74	1.024,80	1.865,44	2.254,28
12/2025	PB	1.113,45	2.108,42	1.113,45	2.108,42	1.027,57	1.870,48	2.260,37
01/2026	PB	1.089,49	2.005,39	1.089,49	2.005,39	921,70	1.784,00	2.013,20
02/2026	PB	1.095,26	2.016,01	1.095,26	2.016,01	926,58	1.793,47	2.023,87
03/2026	PB	1.098,66	2.022,26	1.098,66	2.022,26	929,45	1.799,03	2.030,14
04/2026	PB	1.101,08	2.026,71	1.101,08	2.026,71	931,49	1.802,99	2.034,61
05/2026	PB	1.105,26	2.034,41	1.105,26	2.034,41	935,03	1.809,84	2.042,34
06/2026	PB	1.113,11	2.048,85	1.113,11	2.048,85	941,67	1.822,69	2.056,84
07/2026	PB	1.116,89	2.055,82	1.116,89	2.055,82	944,87	1.828,89	2.063,83
08/2026	PB	1.130,52	2.080,90	1.130,52	2.080,90	956,40	1.851,20	2.089,01
06/2021	PR	1.274,19	2.234,58	1.274,19	2.234,58	998,25	1.930,53	2.212,82
07/2021	PR	1.296,87	2.274,36	1.296,87	2.274,36	1.016,02	1.964,89	2.252,21
08/2021	PR	1.328,77	2.330,31	1.328,77	2.330,31	1.041,01	2.013,23	2.307,61
09/2021	PR	1.353,88	2.374,35	1.353,88	2.374,35	1.060,69	2.051,28	2.351,22
10/2021	PR	1.367,28	2.397,86	1.367,28	2.397,86	1.071,19	2.071,59	2.374,50
11/2021	PR	1.378,90	2.418,24	1.378,90	2.418,24	1.080,30	2.089,20	2.394,68
12/2021	PR	1.392,55	2.442,18	1.392,55	2.442,18	1.090,99	2.109,88	2.418,39
01/2022	PR	1.373,55	2.453,84	1.373,55	2.453,84	1.106,57	2.128,02	2.469,93
02/2022	PR	1.380,28	2.465,86	1.380,28	2.465,86	1.111,99	2.138,45	2.482,03
03/2022	PR	1.390,36	2.483,86	1.390,36	2.483,86	1.120,11	2.154,06	2.500,15
04/2022	PR	1.397,73	2.497,02	1.397,73	2.497,02	1.126,05	2.165,48	2.513,40
05/2022	PR	1.412,13	2.522,74	1.412,13	2.522,74	1.137,65	2.187,78	2.539,29
06/2022	PR	1.428,51	2.552,00	1.428,51	2.552,00	1.150,85	2.213,16	2.568,75
07/2022	PR	1.459,79	2.607,89	1.459,79	2.607,89	1.176,05	2.261,63	2.625,01
08/2022	PR	1.484,46	2.651,96	1.484,46	2.651,96	1.195,93	2.299,85	2.669,37
09/2022	PR	1.506,43	2.691,21	1.506,43	2.691,21	1.213,63	2.333,89	2.708,88
10/2022	PR	1.515,02	2.706,55	1.515,02	2.706,55	1.220,55	2.347,19	2.724,32
11/2022	PR	1.521,69	2.718,46	1.521,69	2.718,46	1.225,92	2.357,52	2.736,31
12/2022	PR	1.527,78	2.729,33	1.527,78	2.729,33	1.230,82	2.366,95	2.747,26
01/2023	PR	1.510,82	2.714,21	1.510,82	2.714,21	1.238,70	2.365,97	2.758,92
02/2023	PR	1.512,03	2.716,38	1.512,03	2.716,38	1.239,69	2.367,86	2.761,13
03/2023	PR	1.517,17	2.725,62	1.517,17	2.725,62	1.243,90	2.375,91	2.770,52
04/2023	PR	1.518,23	2.727,53	1.518,23	2.727,53	1.244,77	2.377,57	2.772,46
05/2023	PR	1.521,42	2.733,26	1.521,42	2.733,26	1.247,38	2.382,56	2.778,28
06/2023	PR	1.525,38	2.740,37	1.525,38	2.740,37	1.250,62	2.388,75	2.785,50
07/2023	PR	1.531,63	2.751,61	1.531,63	2.751,61	1.255,75	2.398,54	2.796,92
08/2023	PR	1.538,52	2.763,99	1.538,52	2.763,99	1.261,40	2.409,33	2.809,51
09/2023	PR	1.542,21	2.770,62	1.542,21	2.770,62	1.264,43	2.415,11	2.816,25
10/2023	PR	1.545,45	2.776,44	1.545,45	2.776,44	1.267,09	2.420,18	2.822,16
11/2023	PR	1.546,07	2.777,55	1.546,07	2.777,55	1.267,60	2.421,15	2.823,29
12/2023	PR	1.548,39	2.781,72	1.548,39	2.781,72	1.269,50	2.424,78	2.827,52
01/2024	PR	1.568,12	2.807,30	1.568,12	2.807,30	1.262,26	2.443,97	2.865,03
02/2024	PR	1.572,20	2.814,60	1.572,20	2.814,60	1.265,54	2.450,32	2.872,48
03/2024	PR	1.575,34	2.820,23	1.575,34	2.820,23	1.268,07	2.455,22	2.878,22
04/2024	PR	1.577,55	2.824,18	1.577,55	2.824,18	1.269,85	2.458,66	2.882,25
05/2024	PR	1.578,65	2.826,16	1.578,65	2.826,16	1.270,74	2.460,38	2.884,27
06/2024	PR	1.585,44	2.838,31	1.585,44	2.838,31	1.276,20	2.470,96	2.896,67
07/2024	PR	1.588,29	2.843,42	1.588,29	2.843,42	1.278,50	2.475,41	2.901,88
08/2024	PR	1.597,98	2.860,76	1.597,98	2.860,76	1.286,30	2.490,51	2.919,58
09/2024	PR	1.604,53	2.872,49	1.604,53	2.872,49	1.291,57	2.500,72	2.931,55
10/2024	PR	1.614,80	2.890,87	1.614,80	2.890,87	1.299,84	2.516,72	2.950,31
11/2024	PR	1.620,13	2.900,41	1.620,13	2.900,41	1.304,13	2.525,03	2.960,05
12/2024	PR	1.628,39	2.915,20	1.628,39	2.915,20	1.310,78	2.537,91	2.975,15
01/2025	PR	1.670,02	2.964,35	1.670,02	2.964,35	1.336,80	2.589,07	3.027,63
02/2025	PR	1.673,53	2.970,58	1.673,53	2.970,58	1.339,61	2.594,51	3.033,99
03/2025	PR	1.682,57	2.986,62	1.682,57	2.986,62	1.346,84	2.608,52	3.050,37
04/2025	PR	1.686,27	2.993,19	1.686,27	2.993,19	1.349,80	2.614,26	3.057,08
05/2025	PR	1.692,17	3.003,67	1.692,17	3.003,67	1.354,52	2.623,41	3.067,78
06/2025	PR	1.700,29	3.018,09	1.700,29	3.018,09	1.361,02	2.636,00	3.082,51
07/2025	PR	1.707,60	3.031,07	1.707,60	3.031,07	1.366,87	2.647,33	3.095,76
08/2025	PR	1.723,31	3.058,96	1.723,31	3.058,96	1.379,45	2.671,69	3.124,24
09/2025	PR	1.728,82	3.068,75	1.728,82	3.068,75	1.383,86	2.680,24	3.134,24
10/2025	PR	1.742,82	3.093,61	1.742,82	3.093,61	1.395,07	2.701,95	3.159,63
11/2025	PR	1.751,53	3.109,08	1.751,53	3.109,08	1.402,05	2.715,46	3.175,43
12/2025	PR	1.756,26	3.117,47	1.756,26	3.117,47	1.405,84	2.722,79	3.184,00
01/2026	PR	1.753,47	3.121,65	1.753,47	3.121,65	1.399,17	2.729,95	3.205,01
02/2026	PR	1.762,76	3.138,19	1.762,76	3.138,19	1.406,59	2.744,41	3.222,00
03/2026	PR	1.768,22	3.147,92	1.768,22	3.147,92	1.410,95	2.752,92	3.231,99
04/2026	PR	1.772,11	3.154,85	1.772,11	3.154,85	1.414,05	2.758,98	3.239,10
05/2026	PR	1.778,84	3.166,84	1.778,84	3.166,84	1.419,42	2.769,46	3.251,41
06/2026	PR	1.791,47	3.189,32	1.791,47	3.189,32	1.429,50	2.789,12	3.274,50
07/2026	PR	1.797,56	3.200,16	1.797,56	3.200,16	1.434,36	2.798,60	3.285,63
08/2026	PR	1.819,49	3.239,20	1.819,49	3.239,20	1.451,86	2.832,74	3.325,71
06/2021	PE	1.158,48	2.129,65	1.158,48	2.129,65	957,79	1.877,98	2.161,16
07/2021	PE	1.179,10	2.167,56	1.179,10	2.167,56	974,84	1.911,41	2.199,63
08/2021	PE	1.208,11	2.220,88	1.208,11	2.220,88	998,82	1.958,43	2.253,74
09/2021	PE	1.230,94	2.262,85	1.230,94	2.262,85	1.017,70	1.995,44	2.296,34
10/2021	PE	1.243,13	2.285,25	1.243,13	2.285,25	1.027,78	2.015,19	2.319,07
11/2021	PE	1.253,70	2.304,67	1.253,70	2.304,67	1.036,52	2.032,32	2.338,78
12/2021	PE	1.266,11	2.327,49	1.266,11	2.327,49	1.046,78	2.052,44	2.361,93
01/2022	PE	1.245,15	2.195,03	1.245,15	2.195,03	1.010,06	1.960,39	2.348,29
02/2022	PE	1.251,25	2.205,79	1.251,25	2.205,79	1.015,01	1.970,00	2.359,80
03/2022	PE	1.260,38	2.221,89	1.260,38	2.221,89	1.022,42	1.984,38	2.377,03
04/2022	PE	1.267,06	2.233,67	1.267,06	2.233,67	1.027,84	1.994,90	2.389,63
05/2022	PE	1.280,11	2.256,68	1.280,11	2.256,68	1.038,43	2.015,45	2.414,24
06/2022	PE	1.294,96	2.282,86	1.294,96	2.282,86	1.050,48	2.038,83	2.442,25
07/2022	PE	1.323,32	2.332,85	1.323,32	2.332,85	1.073,49	2.083,48	2.495,74
08/2022	PE	1.345,68	2.372,28	1.345,68	2.372,28	1.091,63	2.118,69	2.537,92
09/2022	PE	1.365,60	2.407,39	1.365,60	2.407,39	1.107,79	2.150,05	2.575,48
10/2022	PE	1.373,38	2.421,11	1.373,38	2.421,11	1.114,10	2.162,31	2.590,16
11/2022	PE	1.379,42	2.431,76	1.379,42	2.431,76	1.119,00	2.171,82	2.601,56
12/2022	PE	1.384,94	2.441,49	1.384,94	2.441,49	1.123,48	2.180,51	2.611,97
01/2023	PE	1.320,52	2.320,42	1.320,52	2.320,42	1.049,81	2.048,13	2.424,75
02/2023	PE	1.321,58	2.322,28	1.321,58	2.322,28	1.050,65	2.049,77	2.426,69
03/2023	PE	1.326,07	2.330,18	1.326,07	2.330,18	1.054,22	2.056,74	2.434,94
04/2023	PE	1.327,00	2.331,81	1.327,00	2.331,81	1.054,96	2.058,18	2.436,64
05/2023	PE	1.329,79	2.336,71	1.329,79	2.336,71	1.057,18	2.062,50	2.441,76
06/2023	PE	1.333,25	2.342,79	1.333,25	2.342,79	1.059,93	2.067,86	2.448,11
07/2023	PE	1.338,72	2.352,40	1.338,72	2.352,40	1.064,28	2.076,34	2.458,15
08/2023	PE	1.344,74	2.362,99	1.344,74	2.362,99	1.069,07	2.085,68	2.469,21
09/2023	PE	1.347,97	2.368,66	1.347,97	2.368,66	1.071,64	2.090,69	2.475,14
10/2023	PE	1.350,80	2.373,63	1.350,80	2.373,63	1.073,89	2.095,08	2.480,34
11/2023	PE	1.351,34	2.374,58	1.351,34	2.374,58	1.074,32	2.095,92	2.481,33
12/2023	PE	1.353,37	2.378,14	1.353,37	2.378,14	1.075,93	2.099,06	2.485,05
01/2024	PE	1.361,88	2.364,14	1.361,88	2.364,14	1.066,09	2.074,81	2.457,01
02/2024	PE	1.365,42	2.370,29	1.365,42	2.370,29	1.068,86	2.080,20	2.463,40
03/2024	PE	1.368,15	2.375,03	1.368,15	2.375,03	1.071,00	2.084,36	2.468,33
04/2024	PE	1.370,07	2.378,36	1.370,07	2.378,36	1.072,50	2.087,28	2.471,79
05/2024	PE	1.371,03	2.380,02	1.371,03	2.380,02	1.073,25	2.088,74	2.473,52
06/2024	PE	1.376,93	2.390,25	1.376,93	2.390,25	1.077,86	2.097,72	2.484,16
07/2024	PE	1.379,41	2.394,55	1.379,41	2.394,55	1.079,80	2.101,50	2.488,63
08/2024	PE	1.387,82	2.409,16	1.387,82	2.409,16	1.086,39	2.114,32	2.503,81
09/2024	PE	1.393,51	2.419,04	1.393,51	2.419,04	1.090,84	2.122,99	2.514,08
10/2024	PE	1.402,43	2.434,52	1.402,43	2.434,52	1.097,82	2.136,58	2.530,17
11/2024	PE	1.407,06	2.442,55	1.407,06	2.442,55	1.101,44	2.143,63	2.538,52
12/2024	PE	1.414,24	2.455,01	1.414,24	2.455,01	1.107,06	2.154,56	2.551,47
01/2025	PE	1.462,97	2.526,36	1.462,97	2.526,36	1.148,93	2.221,11	2.600,60
02/2025	PE	1.466,04	2.531,67	1.466,04	2.531,67	1.151,34	2.225,77	2.606,06
03/2025	PE	1.473,96	2.545,34	1.473,96	2.545,34	1.157,56	2.237,79	2.620,13
04/2025	PE	1.477,20	2.550,94	1.477,20	2.550,94	1.160,11	2.242,71	2.625,89
05/2025	PE	1.482,37	2.559,87	1.482,37	2.559,87	1.164,17	2.250,56	2.635,08
06/2025	PE	1.489,49	2.572,16	1.489,49	2.572,16	1.169,76	2.261,36	2.647,73
07/2025	PE	1.495,89	2.583,22	1.495,89	2.583,22	1.174,79	2.271,08	2.659,12
08/2025	PE	1.509,65	2.606,99	1.509,65	2.606,99	1.185,60	2.291,97	2.683,58
09/2025	PE	1.514,48	2.615,33	1.514,48	2.615,33	1.189,39	2.299,30	2.692,17
10/2025	PE	1.526,75	2.636,51	1.526,75	2.636,51	1.199,02	2.317,92	2.713,98
11/2025	PE	1.534,38	2.649,69	1.534,38	2.649,69	1.205,02	2.329,51	2.727,55
12/2025	PE	1.538,52	2.656,84	1.538,52	2.656,84	1.208,27	2.335,80	2.734,91
01/2026	PE	1.490,32	2.549,42	1.490,32	2.549,42	1.166,70	2.246,47	2.686,17
02/2026	PE	1.498,21	2.562,93	1.498,21	2.562,93	1.172,88	2.258,38	2.700,41
03/2026	PE	1.502,85	2.570,88	1.502,85	2.570,88	1.176,52	2.265,38	2.708,78
04/2026	PE	1.506,16	2.576,54	1.506,16	2.576,54	1.179,11	2.270,36	2.714,74
05/2026	PE	1.511,88	2.586,33	1.511,88	2.586,33	1.183,59	2.278,99	2.725,06
06/2026	PE	1.522,61	2.604,69	1.522,61	2.604,69	1.191,99	2.295,17	2.744,41
07/2026	PE	1.527,79	2.613,55	1.527,79	2.613,55	1.196,04	2.302,97	2.753,74
08/2026	PE	1.546,43	2.645,44	1.546,43	2.645,44	1.210,63	2.331,07	2.787,34
06/2021	PI	1.020,80	1.832,36	1.020,80	1.832,36	844,56	1.659,50	1.902,48
07/2021	PI	1.038,97	1.864,98	1.038,97	1.864,98	859,59	1.689,04	1.936,34
08/2021	PI	1.064,53	1.910,86	1.064,53	1.910,86	880,74	1.730,59	1.983,97
09/2021	PI	1.084,65	1.946,98	1.084,65	1.946,98	897,39	1.763,30	2.021,47
10/2021	PI	1.095,39	1.966,26	1.095,39	1.966,26	906,27	1.780,76	2.041,48
11/2021	PI	1.104,70	1.982,97	1.104,70	1.982,97	913,97	1.795,90	2.058,83
12/2021	PI	1.115,64	2.002,60	1.115,64	2.002,60	923,02	1.813,68	2.079,21
01/2022	PI	1.019,37	1.772,79	1.019,37	1.772,79	814,96	1.568,79	1.802,37
02/2022	PI	1.024,36	1.781,48	1.024,36	1.781,48	818,95	1.576,48	1.811,20
03/2022	PI	1.031,84	1.794,48	1.031,84	1.794,48	824,93	1.587,99	1.824,42
04/2022	PI	1.037,31	1.803,99	1.037,31	1.803,99	829,30	1.596,41	1.834,09
05/2022	PI	1.047,99	1.822,57	1.047,99	1.822,57	837,84	1.612,85	1.852,98
06/2022	PI	1.060,15	1.843,71	1.060,15	1.843,71	847,56	1.631,56	1.874,47
07/2022	PI	1.083,37	1.884,09	1.083,37	1.884,09	866,12	1.667,29	1.915,52
08/2022	PI	1.101,68	1.915,93	1.101,68	1.915,93	880,76	1.695,47	1.947,89
09/2022	PI	1.117,98	1.944,29	1.117,98	1.944,29	893,80	1.720,56	1.976,72
10/2022	PI	1.124,35	1.955,37	1.124,35	1.955,37	898,89	1.730,37	1.987,99
11/2022	PI	1.129,30	1.963,97	1.129,30	1.963,97	902,85	1.737,98	1.996,74
12/2022	PI	1.133,82	1.971,83	1.133,82	1.971,83	906,46	1.744,93	2.004,73
01/2023	PI	1.075,43	1.874,59	1.075,43	1.874,59	866,65	1.657,92	1.921,01
02/2023	PI	1.076,29	1.876,09	1.076,29	1.876,09	867,34	1.659,25	1.922,55
03/2023	PI	1.079,95	1.882,47	1.079,95	1.882,47	870,29	1.664,89	1.929,09
04/2023	PI	1.080,71	1.883,79	1.080,71	1.883,79	870,90	1.666,06	1.930,44
05/2023	PI	1.082,98	1.887,75	1.082,98	1.887,75	872,73	1.669,56	1.934,49
06/2023	PI	1.085,80	1.892,66	1.085,80	1.892,66	875,00	1.673,90	1.939,52
07/2023	PI	1.090,25	1.900,42	1.090,25	1.900,42	878,59	1.680,76	1.947,47
08/2023	PI	1.095,16	1.908,97	1.095,16	1.908,97	882,54	1.688,32	1.956,23
09/2023	PI	1.097,79	1.913,55	1.097,79	1.913,55	884,66	1.692,37	1.960,92
10/2023	PI	1.100,10	1.917,57	1.100,10	1.917,57	886,52	1.695,92	1.965,04
11/2023	PI	1.100,54	1.918,34	1.100,54	1.918,34	886,87	1.696,60	1.965,83
12/2023	PI	1.102,19	1.921,22	1.102,19	1.921,22	888,20	1.699,14	1.968,78
01/2024	PI	1.127,56	1.992,54	1.127,56	1.992,54	920,92	1.752,48	2.013,65
02/2024	PI	1.130,49	1.997,72	1.130,49	1.997,72	923,31	1.757,04	2.018,89
03/2024	PI	1.132,75	2.001,72	1.132,75	2.001,72	925,16	1.760,55	2.022,93
04/2024	PI	1.134,34	2.004,52	1.134,34	2.004,52	926,46	1.763,01	2.025,76
05/2024	PI	1.135,13	2.005,92	1.135,13	2.005,92	927,11	1.764,24	2.027,18
06/2024	PI	1.140,01	2.014,55	1.140,01	2.014,55	931,10	1.771,83	2.035,90
07/2024	PI	1.142,06	2.018,18	1.142,06	2.018,18	932,78	1.775,02	2.039,56
08/2024	PI	1.149,03	2.030,49	1.149,03	2.030,49	938,47	1.785,85	2.052,00
09/2024	PI	1.153,74	2.038,82	1.153,74	2.038,82	942,32	1.793,17	2.060,41
10/2024	PI	1.161,12	2.051,87	1.161,12	2.051,87	948,35	1.804,65	2.073,60
11/2024	PI	1.164,95	2.058,64	1.164,95	2.058,64	951,48	1.810,61	2.080,44
12/2024	PI	1.170,89	2.069,14	1.170,89	2.069,14	956,33	1.819,84	2.091,05
01/2025	PI	1.167,21	2.069,63	1.167,21	2.069,63	961,04	1.818,72	2.092,90
02/2025	PI	1.169,66	2.073,98	1.169,66	2.073,98	963,06	1.822,54	2.097,30
03/2025	PI	1.175,98	2.085,18	1.175,98	2.085,18	968,26	1.832,38	2.108,63
04/2025	PI	1.178,57	2.089,77	1.178,57	2.089,77	970,39	1.836,41	2.113,27
05/2025	PI	1.182,69	2.097,08	1.182,69	2.097,08	973,79	1.842,84	2.120,67
06/2025	PI	1.188,37	2.107,15	1.188,37	2.107,15	978,46	1.851,69	2.130,85
07/2025	PI	1.193,48	2.116,21	1.193,48	2.116,21	982,67	1.859,65	2.140,01
08/2025	PI	1.204,46	2.135,68	1.204,46	2.135,68	991,71	1.876,76	2.159,70
09/2025	PI	1.208,31	2.142,51	1.208,31	2.142,51	994,88	1.882,77	2.166,61
10/2025	PI	1.218,10	2.159,86	1.218,10	2.159,86	1.002,94	1.898,02	2.184,16
11/2025	PI	1.224,19	2.170,66	1.224,19	2.170,66	1.007,95	1.907,51	2.195,08
12/2025	PI	1.227,50	2.176,52	1.227,50	2.176,52	1.010,67	1.912,66	2.201,01
01/2026	PI	1.259,51	2.201,36	1.259,51	2.201,36	1.050,42	1.943,60	2.253,67
02/2026	PI	1.266,19	2.213,02	1.266,19	2.213,02	1.055,99	1.953,91	2.265,62
03/2026	PI	1.270,12	2.219,88	1.270,12	2.219,88	1.059,26	1.959,97	2.272,64
04/2026	PI	1.272,91	2.224,76	1.272,91	2.224,76	1.061,59	1.964,28	2.277,64
05/2026	PI	1.277,75	2.233,21	1.277,75	2.233,21	1.065,62	1.971,74	2.286,30
06/2026	PI	1.286,82	2.249,07	1.286,82	2.249,07	1.073,19	1.985,74	2.302,53
07/2026	PI	1.291,20	2.256,72	1.291,20	2.256,72	1.076,84	1.992,49	2.310,36
08/2026	PI	1.306,95	2.284,25	1.306,95	2.284,25	1.089,98	2.016,80	2.338,55
06/2021	RJ	1.236,39	2.190,82	1.236,39	2.190,82	1.015,57	1.918,10	2.155,57
07/2021	RJ	1.258,40	2.229,82	1.258,40	2.229,82	1.033,65	1.952,24	2.193,94
08/2021	RJ	1.289,36	2.284,67	1.289,36	2.284,67	1.059,08	2.000,27	2.247,91
09/2021	RJ	1.313,73	2.327,85	1.313,73	2.327,85	1.079,10	2.038,08	2.290,40
10/2021	RJ	1.326,74	2.350,90	1.326,74	2.350,90	1.089,78	2.058,26	2.313,07
11/2021	RJ	1.338,02	2.370,88	1.338,02	2.370,88	1.099,04	2.075,76	2.332,73
12/2021	RJ	1.351,27	2.394,35	1.351,27	2.394,35	1.109,92	2.096,31	2.355,82
01/2022	RJ	1.337,72	2.358,28	1.337,72	2.358,28	1.088,81	2.067,27	2.343,11
02/2022	RJ	1.344,27	2.369,84	1.344,27	2.369,84	1.094,15	2.077,40	2.354,59
03/2022	RJ	1.354,08	2.387,14	1.354,08	2.387,14	1.102,14	2.092,57	2.371,78
04/2022	RJ	1.361,26	2.399,79	1.361,26	2.399,79	1.107,98	2.103,66	2.384,35
05/2022	RJ	1.375,28	2.424,51	1.375,28	2.424,51	1.119,39	2.125,33	2.408,91
06/2022	RJ	1.391,23	2.452,63	1.391,23	2.452,63	1.132,37	2.149,98	2.436,85
07/2022	RJ	1.421,70	2.506,34	1.421,70	2.506,34	1.157,17	2.197,06	2.490,22
08/2022	RJ	1.445,73	2.548,70	1.445,73	2.548,70	1.176,73	2.234,19	2.532,30
09/2022	RJ	1.467,13	2.586,42	1.467,13	2.586,42	1.194,15	2.267,26	2.569,78
10/2022	RJ	1.475,49	2.601,16	1.475,49	2.601,16	1.200,96	2.280,18	2.584,43
11/2022	RJ	1.481,98	2.612,61	1.481,98	2.612,61	1.206,24	2.290,21	2.595,80
12/2022	RJ	1.487,91	2.623,06	1.487,91	2.623,06	1.211,06	2.299,37	2.606,18
01/2023	RJ	1.469,23	2.585,16	1.469,23	2.585,16	1.198,60	2.272,32	2.626,03
02/2023	RJ	1.470,41	2.587,23	1.470,41	2.587,23	1.199,56	2.274,14	2.628,13
03/2023	RJ	1.475,41	2.596,03	1.475,41	2.596,03	1.203,64	2.281,87	2.637,07
04/2023	RJ	1.476,44	2.597,85	1.476,44	2.597,85	1.204,48	2.283,47	2.638,92
05/2023	RJ	1.479,54	2.603,31	1.479,54	2.603,31	1.207,01	2.288,27	2.644,46
06/2023	RJ	1.483,39	2.610,08	1.483,39	2.610,08	1.210,15	2.294,22	2.651,34
07/2023	RJ	1.489,47	2.620,78	1.489,47	2.620,78	1.215,11	2.303,63	2.662,21
08/2023	RJ	1.496,17	2.632,57	1.496,17	2.632,57	1.220,58	2.314,00	2.674,19
09/2023	RJ	1.499,76	2.638,89	1.499,76	2.638,89	1.223,51	2.319,55	2.680,61
10/2023	RJ	1.502,91	2.644,43	1.502,91	2.644,43	1.226,08	2.324,42	2.686,24
11/2023	RJ	1.503,51	2.645,49	1.503,51	2.645,49	1.226,57	2.325,35	2.687,31
12/2023	RJ	1.505,77	2.649,46	1.505,77	2.649,46	1.228,41	2.328,84	2.691,34
01/2024	RJ	1.517,21	2.671,85	1.517,21	2.671,85	1.228,97	2.352,18	2.727,35
02/2024	RJ	1.521,15	2.678,80	1.521,15	2.678,80	1.232,17	2.358,30	2.734,44
03/2024	RJ	1.524,19	2.684,16	1.524,19	2.684,16	1.234,63	2.363,02	2.739,91
04/2024	RJ	1.526,32	2.687,92	1.526,32	2.687,92	1.236,36	2.366,33	2.743,75
05/2024	RJ	1.527,39	2.689,80	1.527,39	2.689,80	1.237,23	2.367,99	2.745,67
06/2024	RJ	1.533,96	2.701,37	1.533,96	2.701,37	1.242,55	2.378,17	2.757,48
07/2024	RJ	1.536,72	2.706,23	1.536,72	2.706,23	1.244,79	2.382,45	2.762,44
08/2024	RJ	1.546,09	2.722,74	1.546,09	2.722,74	1.252,38	2.396,98	2.779,29
09/2024	RJ	1.552,43	2.733,90	1.552,43	2.733,90	1.257,51	2.406,81	2.790,69
10/2024	RJ	1.562,37	2.751,40	1.562,37	2.751,40	1.265,56	2.422,21	2.808,55
11/2024	RJ	1.567,53	2.760,48	1.567,53	2.760,48	1.269,74	2.430,20	2.817,82
12/2024	RJ	1.575,52	2.774,56	1.575,52	2.774,56	1.276,22	2.442,59	2.832,19
01/2025	RJ	1.601,30	2.811,71	1.601,30	2.811,71	1.283,16	2.477,86	2.868,72
02/2025	RJ	1.604,66	2.817,61	1.604,66	2.817,61	1.285,85	2.483,06	2.874,74
03/2025	RJ	1.613,33	2.832,83	1.613,33	2.832,83	1.292,79	2.496,47	2.890,26
04/2025	RJ	1.616,88	2.839,06	1.616,88	2.839,06	1.295,63	2.501,96	2.896,62
05/2025	RJ	1.622,54	2.849,00	1.622,54	2.849,00	1.300,16	2.510,72	2.906,76
06/2025	RJ	1.630,33	2.862,68	1.630,33	2.862,68	1.306,40	2.522,77	2.920,71
07/2025	RJ	1.637,34	2.874,99	1.637,34	2.874,99	1.312,02	2.533,62	2.933,27
08/2025	RJ	1.652,40	2.901,44	1.652,40	2.901,44	1.324,09	2.556,93	2.960,26
09/2025	RJ	1.657,69	2.910,72	1.657,69	2.910,72	1.328,33	2.565,11	2.969,73
10/2025	RJ	1.671,12	2.934,30	1.671,12	2.934,30	1.339,09	2.585,89	2.993,78
11/2025	RJ	1.679,48	2.948,97	1.679,48	2.948,97	1.345,79	2.598,82	3.008,75
12/2025	RJ	1.684,01	2.956,93	1.684,01	2.956,93	1.349,42	2.605,84	3.016,87
01/2026	RJ	1.661,77	2.913,71	1.661,77	2.913,71	1.323,00	2.561,72	2.975,73
02/2026	RJ	1.670,58	2.929,15	1.670,58	2.929,15	1.330,01	2.575,30	2.991,51
03/2026	RJ	1.675,76	2.938,23	1.675,76	2.938,23	1.334,13	2.583,28	3.000,78
04/2026	RJ	1.679,45	2.944,69	1.679,45	2.944,69	1.337,07	2.588,96	3.007,38
05/2026	RJ	1.685,83	2.955,88	1.685,83	2.955,88	1.342,15	2.598,80	3.018,81
06/2026	RJ	1.697,80	2.976,87	1.697,80	2.976,87	1.351,68	2.617,25	3.040,24
07/2026	RJ	1.703,57	2.986,99	1.703,57	2.986,99	1.356,28	2.626,15	3.050,58
08/2026	RJ	1.724,35	3.023,43	1.724,35	3.023,43	1.372,83	2.658,19	3.087,80
06/2021	RN	1.042,26	1.906,02	1.042,26	1.906,02	852,65	1.669,44	1.911,14
07/2021	RN	1.060,81	1.939,95	1.060,81	1.939,95	867,83	1.699,16	1.945,16
08/2021	RN	1.086,91	1.987,67	1.086,91	1.987,67	889,18	1.740,96	1.993,01
09/2021	RN	1.107,45	2.025,24	1.107,45	2.025,24	905,99	1.773,86	2.030,68
10/2021	RN	1.118,41	2.045,29	1.118,41	2.045,29	914,96	1.791,42	2.050,78
11/2021	RN	1.127,92	2.062,67	1.127,92	2.062,67	922,74	1.806,65	2.068,21
12/2021	RN	1.139,09	2.083,09	1.139,09	2.083,09	931,88	1.824,54	2.088,69
01/2022	RN	950,09	1.773,06	950,09	1.773,06	837,75	1.563,26	1.790,32
02/2022	RN	954,75	1.781,75	954,75	1.781,75	841,85	1.570,92	1.799,09
03/2022	RN	961,72	1.794,76	961,72	1.794,76	848,00	1.582,39	1.812,22
04/2022	RN	966,82	1.804,27	966,82	1.804,27	852,49	1.590,78	1.821,82
05/2022	RN	976,78	1.822,85	976,78	1.822,85	861,27	1.607,17	1.840,58
06/2022	RN	988,11	1.844,00	988,11	1.844,00	871,26	1.625,81	1.861,93
07/2022	RN	1.009,75	1.884,38	1.009,75	1.884,38	890,34	1.661,42	1.902,71
08/2022	RN	1.026,81	1.916,23	1.026,81	1.916,23	905,39	1.689,50	1.934,87
09/2022	RN	1.042,01	1.944,59	1.042,01	1.944,59	918,79	1.714,50	1.963,51
10/2022	RN	1.047,95	1.955,67	1.047,95	1.955,67	924,03	1.724,27	1.974,70
11/2022	RN	1.052,56	1.964,27	1.052,56	1.964,27	928,10	1.731,86	1.983,39
12/2022	RN	1.056,77	1.972,13	1.056,77	1.972,13	931,81	1.738,79	1.991,32
01/2023	RN	1.010,09	1.934,45	1.010,09	1.934,45	960,73	1.690,61	2.017,71
02/2023	RN	1.010,90	1.936,00	1.010,90	1.936,00	961,50	1.691,96	2.019,32
03/2023	RN	1.014,34	1.942,58	1.014,34	1.942,58	964,77	1.697,71	2.026,19
04/2023	RN	1.015,05	1.943,94	1.015,05	1.943,94	965,45	1.698,90	2.027,61
05/2023	RN	1.017,18	1.948,02	1.017,18	1.948,02	967,48	1.702,47	2.031,87
06/2023	RN	1.019,82	1.953,08	1.019,82	1.953,08	970,00	1.706,90	2.037,15
07/2023	RN	1.024,00	1.961,09	1.024,00	1.961,09	973,98	1.713,90	2.045,50
08/2023	RN	1.028,61	1.969,91	1.028,61	1.969,91	978,36	1.721,61	2.054,70
09/2023	RN	1.031,08	1.974,64	1.031,08	1.974,64	980,71	1.725,74	2.059,63
10/2023	RN	1.033,25	1.978,79	1.033,25	1.978,79	982,77	1.729,36	2.063,96
11/2023	RN	1.033,66	1.979,58	1.033,66	1.979,58	983,16	1.730,05	2.064,79
12/2023	RN	1.035,21	1.982,55	1.035,21	1.982,55	984,63	1.732,65	2.067,89
01/2024	RN	1.030,30	1.927,90	1.030,30	1.927,90	966,37	1.707,53	2.102,73
02/2024	RN	1.032,98	1.932,91	1.032,98	1.932,91	968,88	1.711,97	2.108,20
03/2024	RN	1.035,05	1.936,78	1.035,05	1.936,78	970,82	1.715,39	2.112,42
04/2024	RN	1.036,50	1.939,49	1.036,50	1.939,49	972,18	1.717,79	2.115,38
05/2024	RN	1.037,23	1.940,85	1.037,23	1.940,85	972,86	1.718,99	2.116,86
06/2024	RN	1.041,69	1.949,20	1.041,69	1.949,20	977,04	1.726,38	2.125,96
07/2024	RN	1.043,57	1.952,71	1.043,57	1.952,71	978,80	1.729,49	2.129,79
08/2024	RN	1.049,94	1.964,62	1.049,94	1.964,62	984,77	1.740,04	2.142,78
09/2024	RN	1.054,24	1.972,67	1.054,24	1.972,67	988,81	1.747,17	2.151,57
10/2024	RN	1.060,99	1.985,30	1.060,99	1.985,30	995,14	1.758,35	2.165,34
11/2024	RN	1.064,49	1.991,85	1.064,49	1.991,85	998,42	1.764,15	2.172,49
12/2024	RN	1.069,92	2.002,01	1.069,92	2.002,01	1.003,51	1.773,15	2.183,57
01/2025	RN	1.446,34	2.411,54	1.446,34	2.411,54	1.154,96	2.154,62	2.466,08
02/2025	RN	1.449,38	2.416,60	1.449,38	2.416,60	1.157,39	2.159,14	2.471,26
03/2025	RN	1.457,21	2.429,65	1.457,21	2.429,65	1.163,64	2.170,80	2.484,60
04/2025	RN	1.460,42	2.435,00	1.460,42	2.435,00	1.166,20	2.175,58	2.490,07
05/2025	RN	1.465,53	2.443,52	1.465,53	2.443,52	1.170,28	2.183,19	2.498,79
06/2025	RN	1.472,56	2.455,25	1.472,56	2.455,25	1.175,90	2.193,67	2.510,78
07/2025	RN	1.478,89	2.465,81	1.478,89	2.465,81	1.180,96	2.203,10	2.521,58
08/2025	RN	1.492,50	2.488,50	1.492,50	2.488,50	1.191,82	2.223,37	2.544,78
09/2025	RN	1.497,28	2.496,46	1.497,28	2.496,46	1.195,63	2.230,48	2.552,92
10/2025	RN	1.509,41	2.516,68	1.509,41	2.516,68	1.205,31	2.248,55	2.573,60
11/2025	RN	1.516,96	2.529,26	1.516,96	2.529,26	1.211,34	2.259,79	2.586,47
12/2025	RN	1.521,06	2.536,09	1.521,06	2.536,09	1.214,61	2.265,89	2.593,45
01/2026	RN	1.469,04	2.430,51	1.469,04	2.430,51	1.168,45	2.184,09	2.544,01
02/2026	RN	1.476,83	2.443,39	1.476,83	2.443,39	1.174,64	2.195,67	2.557,49
03/2026	RN	1.481,41	2.450,96	1.481,41	2.450,96	1.178,28	2.202,48	2.565,42
04/2026	RN	1.484,67	2.456,35	1.484,67	2.456,35	1.180,87	2.207,33	2.571,06
05/2026	RN	1.490,31	2.465,68	1.490,31	2.465,68	1.185,36	2.215,72	2.580,83
06/2026	RN	1.500,89	2.483,19	1.500,89	2.483,19	1.193,78	2.231,45	2.599,15
07/2026	RN	1.505,99	2.491,63	1.505,99	2.491,63	1.197,84	2.239,04	2.607,99
08/2026	RN	1.524,36	2.522,03	1.524,36	2.522,03	1.212,45	2.266,36	2.639,81
06/2021	RS	1.304,83	2.460,26	1.304,83	2.460,26	1.018,71	2.089,39	2.318,42
07/2021	RS	1.328,06	2.504,05	1.328,06	2.504,05	1.036,84	2.126,58	2.359,69
08/2021	RS	1.360,73	2.565,65	1.360,73	2.565,65	1.062,35	2.178,89	2.417,74
09/2021	RS	1.386,45	2.614,14	1.386,45	2.614,14	1.082,43	2.220,07	2.463,44
10/2021	RS	1.400,18	2.640,02	1.400,18	2.640,02	1.093,15	2.242,05	2.487,83
11/2021	RS	1.412,08	2.662,46	1.412,08	2.662,46	1.102,44	2.261,11	2.508,98
12/2021	RS	1.426,06	2.688,82	1.426,06	2.688,82	1.113,35	2.283,49	2.533,82
01/2022	RS	1.440,06	2.734,61	1.440,06	2.734,61	1.133,24	2.327,00	2.606,54
02/2022	RS	1.447,12	2.748,01	1.447,12	2.748,01	1.138,79	2.338,40	2.619,31
03/2022	RS	1.457,68	2.768,07	1.457,68	2.768,07	1.147,10	2.355,47	2.638,43
04/2022	RS	1.465,41	2.782,74	1.465,41	2.782,74	1.153,18	2.367,95	2.652,41
05/2022	RS	1.480,50	2.811,40	1.480,50	2.811,40	1.165,06	2.392,34	2.679,73
06/2022	RS	1.497,67	2.844,01	1.497,67	2.844,01	1.178,57	2.420,09	2.710,81
07/2022	RS	1.530,47	2.906,29	1.530,47	2.906,29	1.204,38	2.473,09	2.770,18
08/2022	RS	1.556,33	2.955,41	1.556,33	2.955,41	1.224,73	2.514,89	2.817,00
09/2022	RS	1.579,36	2.999,15	1.579,36	2.999,15	1.242,86	2.552,11	2.858,69
10/2022	RS	1.588,36	3.016,25	1.588,36	3.016,25	1.249,94	2.566,66	2.874,98
11/2022	RS	1.595,35	3.029,52	1.595,35	3.029,52	1.255,44	2.577,95	2.887,63
12/2022	RS	1.601,73	3.041,64	1.601,73	3.041,64	1.260,46	2.588,26	2.899,18
01/2023	RS	1.564,73	2.987,05	1.564,73	2.987,05	1.225,55	2.546,00	2.872,37
02/2023	RS	1.565,98	2.989,44	1.565,98	2.989,44	1.226,53	2.548,04	2.874,67
03/2023	RS	1.571,30	2.999,60	1.571,30	2.999,60	1.230,70	2.556,70	2.884,44
04/2023	RS	1.572,40	3.001,70	1.572,40	3.001,70	1.231,56	2.558,49	2.886,46
05/2023	RS	1.575,70	3.008,00	1.575,70	3.008,00	1.234,15	2.563,86	2.892,52
06/2023	RS	1.579,80	3.015,82	1.579,80	3.015,82	1.237,36	2.570,53	2.900,04
07/2023	RS	1.586,28	3.028,18	1.586,28	3.028,18	1.242,43	2.581,07	2.911,93
08/2023	RS	1.593,42	3.041,81	1.593,42	3.041,81	1.248,02	2.592,68	2.925,03
09/2023	RS	1.597,24	3.049,11	1.597,24	3.049,11	1.251,02	2.598,90	2.932,05
10/2023	RS	1.600,59	3.055,51	1.600,59	3.055,51	1.253,65	2.604,36	2.938,21
11/2023	RS	1.601,23	3.056,73	1.601,23	3.056,73	1.254,15	2.605,40	2.939,39
12/2023	RS	1.603,63	3.061,32	1.603,63	3.061,32	1.256,03	2.609,31	2.943,80
01/2024	RS	1.612,52	3.069,81	1.612,52	3.069,81	1.240,74	2.616,38	2.971,32
02/2024	RS	1.616,71	3.077,79	1.616,71	3.077,79	1.243,97	2.623,18	2.979,05
03/2024	RS	1.619,94	3.083,95	1.619,94	3.083,95	1.246,46	2.628,43	2.985,01
04/2024	RS	1.622,21	3.088,27	1.622,21	3.088,27	1.248,21	2.632,11	2.989,19
05/2024	RS	1.623,35	3.090,43	1.623,35	3.090,43	1.249,08	2.633,95	2.991,28
06/2024	RS	1.630,33	3.103,72	1.630,33	3.103,72	1.254,45	2.645,28	3.004,14
07/2024	RS	1.633,26	3.109,31	1.633,26	3.109,31	1.256,71	2.650,04	3.009,55
08/2024	RS	1.643,22	3.128,28	1.643,22	3.128,28	1.264,38	2.666,21	3.027,91
09/2024	RS	1.649,96	3.141,11	1.649,96	3.141,11	1.269,56	2.677,14	3.040,32
10/2024	RS	1.660,52	3.161,21	1.660,52	3.161,21	1.277,69	2.694,27	3.059,78
11/2024	RS	1.666,00	3.171,64	1.666,00	3.171,64	1.281,91	2.703,16	3.069,88
12/2024	RS	1.674,50	3.187,82	1.674,50	3.187,82	1.288,45	2.716,95	3.085,54
01/2025	RS	1.686,93	3.292,57	1.686,93	3.292,57	1.304,47	2.801,59	3.165,95
02/2025	RS	1.690,47	3.299,48	1.690,47	3.299,48	1.307,21	2.807,47	3.172,60
03/2025	RS	1.699,60	3.317,30	1.699,60	3.317,30	1.314,27	2.822,63	3.189,73
04/2025	RS	1.703,34	3.324,60	1.703,34	3.324,60	1.317,16	2.828,84	3.196,75
05/2025	RS	1.709,30	3.336,24	1.709,30	3.336,24	1.321,77	2.838,74	3.207,94
06/2025	RS	1.717,50	3.352,25	1.717,50	3.352,25	1.328,11	2.852,37	3.223,34
07/2025	RS	1.724,89	3.366,66	1.724,89	3.366,66	1.333,82	2.864,64	3.237,20
08/2025	RS	1.740,76	3.397,63	1.740,76	3.397,63	1.346,09	2.890,99	3.266,98
09/2025	RS	1.746,33	3.408,50	1.746,33	3.408,50	1.350,40	2.900,24	3.277,43
10/2025	RS	1.760,48	3.436,11	1.760,48	3.436,11	1.361,34	2.923,73	3.303,98
11/2025	RS	1.769,28	3.453,29	1.769,28	3.453,29	1.368,15	2.938,35	3.320,50
12/2025	RS	1.774,06	3.462,61	1.774,06	3.462,61	1.371,84	2.946,28	3.329,47
01/2026	RS	1.779,73	3.492,79	1.779,73	3.492,79	1.355,29	2.945,35	3.326,96
02/2026	RS	1.789,16	3.511,31	1.789,16	3.511,31	1.362,47	2.960,97	3.344,59
03/2026	RS	1.794,71	3.522,20	1.794,71	3.522,20	1.366,69	2.970,15	3.354,96
04/2026	RS	1.798,66	3.529,95	1.798,66	3.529,95	1.369,70	2.976,68	3.362,34
05/2026	RS	1.805,49	3.543,36	1.805,49	3.543,36	1.374,90	2.987,99	3.375,12
06/2026	RS	1.818,31	3.568,52	1.818,31	3.568,52	1.384,66	3.009,20	3.399,08
07/2026	RS	1.824,49	3.580,65	1.824,49	3.580,65	1.389,37	3.019,43	3.410,64
08/2026	RS	1.846,75	3.624,33	1.846,75	3.624,33	1.406,32	3.056,27	3.452,25
06/2021	RO	1.096,39	1.997,40	1.096,39	1.997,40	914,83	1.727,18	1.872,05
07/2021	RO	1.115,91	2.032,95	1.115,91	2.032,95	931,11	1.757,92	1.905,37
08/2021	RO	1.143,36	2.082,96	1.143,36	2.082,96	954,02	1.801,16	1.952,24
09/2021	RO	1.164,97	2.122,33	1.164,97	2.122,33	972,05	1.835,20	1.989,14
10/2021	RO	1.176,50	2.143,34	1.176,50	2.143,34	981,67	1.853,37	2.008,83
11/2021	RO	1.186,50	2.161,56	1.186,50	2.161,56	990,01	1.869,12	2.025,91
12/2021	RO	1.198,25	2.182,96	1.198,25	2.182,96	999,81	1.887,62	2.045,97
01/2022	RO	1.180,61	2.115,20	1.180,61	2.115,20	953,66	1.833,57	1.982,12
02/2022	RO	1.186,39	2.125,56	1.186,39	2.125,56	958,33	1.842,55	1.991,83
03/2022	RO	1.195,05	2.141,08	1.195,05	2.141,08	965,33	1.856,00	2.006,37
04/2022	RO	1.201,38	2.152,43	1.201,38	2.152,43	970,45	1.865,84	2.017,00
05/2022	RO	1.213,75	2.174,60	1.213,75	2.174,60	980,45	1.885,06	2.037,78
06/2022	RO	1.227,83	2.199,83	1.227,83	2.199,83	991,82	1.906,93	2.061,42
07/2022	RO	1.254,72	2.248,01	1.254,72	2.248,01	1.013,54	1.948,69	2.106,57
08/2022	RO	1.275,92	2.286,00	1.275,92	2.286,00	1.030,67	1.981,62	2.142,17
09/2022	RO	1.294,80	2.319,83	1.294,80	2.319,83	1.045,92	2.010,95	2.173,87
10/2022	RO	1.302,18	2.333,05	1.302,18	2.333,05	1.051,88	2.022,41	2.186,26
11/2022	RO	1.307,91	2.343,32	1.307,91	2.343,32	1.056,51	2.031,31	2.195,88
12/2022	RO	1.313,14	2.352,69	1.313,14	2.352,69	1.060,74	2.039,44	2.204,66
01/2023	RO	1.317,53	2.313,33	1.317,53	2.313,33	1.065,46	2.023,70	2.245,71
02/2023	RO	1.318,58	2.315,18	1.318,58	2.315,18	1.066,31	2.025,32	2.247,51
03/2023	RO	1.323,06	2.323,05	1.323,06	2.323,05	1.069,94	2.032,21	2.255,15
04/2023	RO	1.323,99	2.324,68	1.323,99	2.324,68	1.070,69	2.033,63	2.256,73
05/2023	RO	1.326,77	2.329,56	1.326,77	2.329,56	1.072,94	2.037,90	2.261,47
06/2023	RO	1.330,22	2.335,62	1.330,22	2.335,62	1.075,73	2.043,20	2.267,35
07/2023	RO	1.335,67	2.345,20	1.335,67	2.345,20	1.080,14	2.051,58	2.276,65
08/2023	RO	1.341,68	2.355,75	1.341,68	2.355,75	1.085,00	2.060,81	2.286,89
09/2023	RO	1.344,90	2.361,40	1.344,90	2.361,40	1.087,60	2.065,76	2.292,38
10/2023	RO	1.347,72	2.366,36	1.347,72	2.366,36	1.089,88	2.070,10	2.297,19
11/2023	RO	1.348,26	2.367,31	1.348,26	2.367,31	1.090,32	2.070,93	2.298,11
12/2023	RO	1.350,28	2.370,86	1.350,28	2.370,86	1.091,96	2.074,04	2.301,56
01/2024	RO	1.352,69	2.370,55	1.352,69	2.370,55	1.081,93	2.078,69	2.324,27
02/2024	RO	1.356,21	2.376,71	1.356,21	2.376,71	1.084,74	2.084,09	2.330,31
03/2024	RO	1.358,92	2.381,46	1.358,92	2.381,46	1.086,91	2.088,26	2.334,97
04/2024	RO	1.360,82	2.384,79	1.360,82	2.384,79	1.088,43	2.091,18	2.338,24
05/2024	RO	1.361,77	2.386,46	1.361,77	2.386,46	1.089,19	2.092,64	2.339,88
06/2024	RO	1.367,63	2.396,72	1.367,63	2.396,72	1.093,87	2.101,64	2.349,94
07/2024	RO	1.370,09	2.401,03	1.370,09	2.401,03	1.095,84	2.105,42	2.354,17
08/2024	RO	1.378,45	2.415,68	1.378,45	2.415,68	1.102,52	2.118,26	2.368,53
09/2024	RO	1.384,10	2.425,58	1.384,10	2.425,58	1.107,04	2.126,94	2.378,24
10/2024	RO	1.392,96	2.441,10	1.392,96	2.441,10	1.114,13	2.140,55	2.393,46
11/2024	RO	1.397,56	2.449,16	1.397,56	2.449,16	1.117,81	2.147,61	2.401,36
12/2024	RO	1.404,69	2.461,65	1.404,69	2.461,65	1.123,51	2.158,56	2.413,61
01/2025	RO	1.539,17	2.740,04	1.539,17	2.740,04	1.230,88	2.410,00	2.646,75
02/2025	RO	1.542,40	2.745,79	1.542,40	2.745,79	1.233,46	2.415,06	2.652,31
03/2025	RO	1.550,73	2.760,62	1.550,73	2.760,62	1.240,12	2.428,10	2.666,63
04/2025	RO	1.554,14	2.766,69	1.554,14	2.766,69	1.242,85	2.433,44	2.672,50
05/2025	RO	1.559,58	2.776,37	1.559,58	2.776,37	1.247,20	2.441,96	2.681,85
06/2025	RO	1.567,07	2.789,70	1.567,07	2.789,70	1.253,19	2.453,68	2.694,72
07/2025	RO	1.573,81	2.801,70	1.573,81	2.801,70	1.258,58	2.464,23	2.706,31
08/2025	RO	1.588,29	2.827,48	1.588,29	2.827,48	1.270,16	2.486,90	2.731,21
09/2025	RO	1.593,37	2.836,53	1.593,37	2.836,53	1.274,22	2.494,86	2.739,95
10/2025	RO	1.606,28	2.859,51	1.606,28	2.859,51	1.284,54	2.515,07	2.762,14
11/2025	RO	1.614,31	2.873,81	1.614,31	2.873,81	1.290,96	2.527,65	2.775,95
12/2025	RO	1.618,67	2.881,57	1.618,67	2.881,57	1.294,45	2.534,47	2.783,45
01/2026	RO	1.668,74	2.921,75	1.668,74	2.921,75	1.302,72	2.583,33	2.838,91
02/2026	RO	1.677,59	2.937,23	1.677,59	2.937,23	1.309,63	2.597,01	2.853,96
03/2026	RO	1.682,79	2.946,34	1.682,79	2.946,34	1.313,69	2.605,06	2.862,81
04/2026	RO	1.686,49	2.952,82	1.686,49	2.952,82	1.316,58	2.610,79	2.869,11
05/2026	RO	1.692,90	2.964,04	1.692,90	2.964,04	1.321,58	2.620,71	2.880,01
06/2026	RO	1.704,92	2.985,08	1.704,92	2.985,08	1.330,96	2.639,32	2.900,46
07/2026	RO	1.710,72	2.995,23	1.710,72	2.995,23	1.335,49	2.648,29	2.910,32
08/2026	RO	1.731,59	3.031,77	1.731,59	3.031,77	1.351,78	2.680,60	2.945,83
06/2021	RR	1.186,00	2.158,74	1.186,00	2.158,74	1.048,51	1.916,84	2.262,19
07/2021	RR	1.207,11	2.197,17	1.207,11	2.197,17	1.067,17	1.950,96	2.302,46
08/2021	RR	1.236,80	2.251,22	1.236,80	2.251,22	1.093,42	1.998,95	2.359,10
09/2021	RR	1.260,18	2.293,77	1.260,18	2.293,77	1.114,09	2.036,73	2.403,69
10/2021	RR	1.272,66	2.316,48	1.272,66	2.316,48	1.125,12	2.056,89	2.427,49
11/2021	RR	1.283,48	2.336,17	1.283,48	2.336,17	1.134,68	2.074,37	2.448,12
12/2021	RR	1.296,19	2.359,30	1.296,19	2.359,30	1.145,91	2.094,91	2.472,36
01/2022	RR	1.287,24	2.351,06	1.287,24	2.351,06	1.124,03	2.118,04	2.511,70
02/2022	RR	1.293,55	2.362,58	1.293,55	2.362,58	1.129,54	2.128,42	2.524,01
03/2022	RR	1.302,99	2.379,83	1.302,99	2.379,83	1.137,79	2.143,96	2.542,44
04/2022	RR	1.309,90	2.392,44	1.309,90	2.392,44	1.143,82	2.155,32	2.555,91
05/2022	RR	1.323,39	2.417,08	1.323,39	2.417,08	1.155,60	2.177,52	2.582,24
06/2022	RR	1.338,74	2.445,12	1.338,74	2.445,12	1.169,00	2.202,78	2.612,19
07/2022	RR	1.368,06	2.498,67	1.368,06	2.498,67	1.194,60	2.251,02	2.669,40
08/2022	RR	1.391,18	2.540,90	1.391,18	2.540,90	1.214,79	2.289,06	2.714,51
09/2022	RR	1.411,77	2.578,51	1.411,77	2.578,51	1.232,77	2.322,94	2.754,68
10/2022	RR	1.419,82	2.593,21	1.419,82	2.593,21	1.239,80	2.336,18	2.770,38
11/2022	RR	1.426,07	2.604,62	1.426,07	2.604,62	1.245,26	2.346,46	2.782,57
12/2022	RR	1.431,77	2.615,04	1.431,77	2.615,04	1.250,24	2.355,85	2.793,70
01/2023	RR	1.567,81	2.723,56	1.567,81	2.723,56	1.281,54	2.412,55	2.695,72
02/2023	RR	1.569,06	2.725,74	1.569,06	2.725,74	1.282,57	2.414,48	2.697,88
03/2023	RR	1.574,39	2.735,01	1.574,39	2.735,01	1.286,93	2.422,69	2.707,05
04/2023	RR	1.575,49	2.736,92	1.575,49	2.736,92	1.287,83	2.424,39	2.708,94
05/2023	RR	1.578,80	2.742,67	1.578,80	2.742,67	1.290,53	2.429,48	2.714,63
06/2023	RR	1.582,90	2.749,80	1.582,90	2.749,80	1.293,89	2.435,80	2.721,69
07/2023	RR	1.589,39	2.761,07	1.589,39	2.761,07	1.299,19	2.445,79	2.732,85
08/2023	RR	1.596,54	2.773,49	1.596,54	2.773,49	1.305,04	2.456,80	2.745,15
09/2023	RR	1.600,37	2.780,15	1.600,37	2.780,15	1.308,17	2.462,70	2.751,74
10/2023	RR	1.603,73	2.785,99	1.603,73	2.785,99	1.310,92	2.467,87	2.757,52
11/2023	RR	1.604,37	2.787,10	1.604,37	2.787,10	1.311,44	2.468,86	2.758,62
12/2023	RR	1.606,78	2.791,28	1.606,78	2.791,28	1.313,41	2.472,56	2.762,76
01/2024	RR	1.548,15	2.882,44	1.548,15	2.882,44	1.347,83	2.505,32	2.848,60
02/2024	RR	1.552,18	2.889,93	1.552,18	2.889,93	1.351,33	2.511,83	2.856,01
03/2024	RR	1.555,28	2.895,71	1.555,28	2.895,71	1.354,03	2.516,85	2.861,72
04/2024	RR	1.557,46	2.899,76	1.557,46	2.899,76	1.355,93	2.520,37	2.865,73
05/2024	RR	1.558,55	2.901,79	1.558,55	2.901,79	1.356,88	2.522,13	2.867,74
06/2024	RR	1.565,25	2.914,27	1.565,25	2.914,27	1.362,71	2.532,98	2.880,07
07/2024	RR	1.568,07	2.919,52	1.568,07	2.919,52	1.365,16	2.537,54	2.885,25
08/2024	RR	1.577,64	2.937,33	1.577,64	2.937,33	1.373,49	2.553,02	2.902,85
09/2024	RR	1.584,11	2.949,37	1.584,11	2.949,37	1.379,12	2.563,49	2.914,75
10/2024	RR	1.594,25	2.968,25	1.594,25	2.968,25	1.387,95	2.579,90	2.933,40
11/2024	RR	1.599,51	2.978,05	1.599,51	2.978,05	1.392,53	2.588,41	2.943,08
12/2024	RR	1.607,67	2.993,24	1.607,67	2.993,24	1.399,63	2.601,61	2.958,09
01/2025	RR	1.699,10	3.099,82	1.699,10	3.099,82	1.498,29	2.718,57	3.180,18
02/2025	RR	1.702,67	3.106,33	1.702,67	3.106,33	1.501,44	2.724,28	3.186,86
03/2025	RR	1.711,86	3.123,10	1.711,86	3.123,10	1.509,55	2.738,99	3.204,07
04/2025	RR	1.715,63	3.129,97	1.715,63	3.129,97	1.512,87	2.745,02	3.211,12
05/2025	RR	1.721,63	3.140,92	1.721,63	3.140,92	1.518,17	2.754,63	3.222,36
06/2025	RR	1.729,89	3.156,00	1.729,89	3.156,00	1.525,46	2.767,85	3.237,83
07/2025	RR	1.737,33	3.169,57	1.737,33	3.169,57	1.532,02	2.779,75	3.251,75
08/2025	RR	1.753,31	3.198,73	1.753,31	3.198,73	1.546,11	2.805,32	3.281,67
09/2025	RR	1.758,92	3.208,97	1.758,92	3.208,97	1.551,06	2.814,30	3.292,17
10/2025	RR	1.773,17	3.234,96	1.773,17	3.234,96	1.563,62	2.837,10	3.318,84
11/2025	RR	1.782,04	3.251,13	1.782,04	3.251,13	1.571,44	2.851,29	3.335,43
12/2025	RR	1.786,85	3.259,91	1.786,85	3.259,91	1.575,68	2.858,99	3.344,44
01/2026	RR	2.056,69	3.810,12	2.056,69	3.810,12	1.761,42	3.440,56	4.070,64
02/2026	RR	1.845,81	3.468,73	1.845,81	3.468,73	1.662,69	3.044,62	3.552,29
03/2026	RR	1.851,53	3.479,48	1.851,53	3.479,48	1.667,84	3.054,06	3.563,30
04/2026	RR	1.855,60	3.487,13	1.855,60	3.487,13	1.671,51	3.060,78	3.571,14
05/2026	RR	1.862,65	3.500,38	1.862,65	3.500,38	1.677,86	3.072,41	3.584,71
06/2026	RR	1.875,87	3.525,23	1.875,87	3.525,23	1.689,77	3.094,22	3.610,16
07/2026	RR	1.882,25	3.537,22	1.882,25	3.537,22	1.695,52	3.104,74	3.622,43
08/2026	RR	1.905,21	3.580,37	1.905,21	3.580,37	1.716,21	3.142,62	3.666,62
06/2021	SC	1.398,41	2.403,06	1.398,41	2.403,06	1.120,79	2.071,92	2.394,91
07/2021	SC	1.423,30	2.445,83	1.423,30	2.445,83	1.140,74	2.108,80	2.437,54
08/2021	SC	1.458,31	2.506,00	1.458,31	2.506,00	1.168,80	2.160,68	2.497,50
09/2021	SC	1.485,87	2.553,36	1.485,87	2.553,36	1.190,89	2.201,52	2.544,70
10/2021	SC	1.500,58	2.578,64	1.500,58	2.578,64	1.202,68	2.223,32	2.569,89
11/2021	SC	1.513,33	2.600,56	1.513,33	2.600,56	1.212,90	2.242,22	2.591,73
12/2021	SC	1.528,31	2.626,31	1.528,31	2.626,31	1.224,91	2.264,42	2.617,39
01/2022	SC	1.544,50	2.653,36	1.544,50	2.653,36	1.231,36	2.294,92	2.648,66
02/2022	SC	1.552,07	2.666,36	1.552,07	2.666,36	1.237,39	2.306,17	2.661,64
03/2022	SC	1.563,40	2.685,82	1.563,40	2.685,82	1.246,42	2.323,01	2.681,07
04/2022	SC	1.571,69	2.700,05	1.571,69	2.700,05	1.253,03	2.335,32	2.695,28
05/2022	SC	1.587,88	2.727,86	1.587,88	2.727,86	1.265,94	2.359,37	2.723,04
06/2022	SC	1.606,30	2.759,50	1.606,30	2.759,50	1.280,62	2.386,74	2.754,63
07/2022	SC	1.641,48	2.819,93	1.641,48	2.819,93	1.308,67	2.439,01	2.814,96
08/2022	SC	1.669,22	2.867,59	1.669,22	2.867,59	1.330,79	2.480,23	2.862,53
09/2022	SC	1.693,92	2.910,03	1.693,92	2.910,03	1.350,49	2.516,94	2.904,90
10/2022	SC	1.703,58	2.926,62	1.703,58	2.926,62	1.358,19	2.531,29	2.921,46
11/2022	SC	1.711,08	2.939,50	1.711,08	2.939,50	1.364,17	2.542,43	2.934,31
12/2022	SC	1.717,92	2.951,26	1.717,92	2.951,26	1.369,63	2.552,60	2.946,05
01/2023	SC	1.689,38	2.925,75	1.689,38	2.925,75	1.354,70	2.526,01	2.908,91
02/2023	SC	1.690,73	2.928,09	1.690,73	2.928,09	1.355,78	2.528,03	2.911,24
03/2023	SC	1.696,48	2.938,05	1.696,48	2.938,05	1.360,39	2.536,63	2.921,14
04/2023	SC	1.697,67	2.940,11	1.697,67	2.940,11	1.361,34	2.538,41	2.923,18
05/2023	SC	1.701,24	2.946,28	1.701,24	2.946,28	1.364,20	2.543,74	2.929,32
06/2023	SC	1.705,66	2.953,94	1.705,66	2.953,94	1.367,75	2.550,35	2.936,94
07/2023	SC	1.712,65	2.966,05	1.712,65	2.966,05	1.373,36	2.560,81	2.948,98
08/2023	SC	1.720,36	2.979,40	1.720,36	2.979,40	1.379,54	2.572,33	2.962,25
09/2023	SC	1.724,49	2.986,55	1.724,49	2.986,55	1.382,85	2.578,50	2.969,36
10/2023	SC	1.728,11	2.992,82	1.728,11	2.992,82	1.385,75	2.583,91	2.975,60
11/2023	SC	1.728,80	2.994,02	1.728,80	2.994,02	1.386,30	2.584,94	2.976,79
12/2023	SC	1.731,39	2.998,51	1.731,39	2.998,51	1.388,38	2.588,82	2.981,26
01/2024	SC	1.755,69	3.036,26	1.755,69	3.036,26	1.404,83	2.623,98	3.040,55
02/2024	SC	1.760,25	3.044,15	1.760,25	3.044,15	1.408,48	2.630,80	3.048,46
03/2024	SC	1.763,77	3.050,24	1.763,77	3.050,24	1.411,30	2.636,06	3.054,56
04/2024	SC	1.766,24	3.054,51	1.766,24	3.054,51	1.413,28	2.639,75	3.058,84
05/2024	SC	1.767,48	3.056,65	1.767,48	3.056,65	1.414,27	2.641,60	3.060,98
06/2024	SC	1.775,08	3.069,79	1.775,08	3.069,79	1.420,35	2.652,96	3.074,14
07/2024	SC	1.778,28	3.075,32	1.778,28	3.075,32	1.422,91	2.657,74	3.079,67
08/2024	SC	1.789,13	3.094,08	1.789,13	3.094,08	1.431,59	2.673,95	3.098,46
09/2024	SC	1.796,47	3.106,77	1.796,47	3.106,77	1.437,46	2.684,91	3.111,16
10/2024	SC	1.807,97	3.126,65	1.807,97	3.126,65	1.446,66	2.702,09	3.131,07
11/2024	SC	1.813,94	3.136,97	1.813,94	3.136,97	1.451,43	2.711,01	3.141,40
12/2024	SC	1.823,19	3.152,97	1.823,19	3.152,97	1.458,83	2.724,84	3.157,42
01/2025	SC	1.824,86	3.136,97	1.824,86	3.136,97	1.456,54	2.723,06	3.187,56
02/2025	SC	1.828,69	3.143,56	1.828,69	3.143,56	1.459,60	2.728,78	3.194,25
03/2025	SC	1.838,56	3.160,54	1.838,56	3.160,54	1.467,48	2.743,52	3.211,50
04/2025	SC	1.842,60	3.167,49	1.842,60	3.167,49	1.470,71	2.749,56	3.218,57
05/2025	SC	1.849,05	3.178,58	1.849,05	3.178,58	1.475,86	2.759,18	3.229,83
06/2025	SC	1.857,93	3.193,84	1.857,93	3.193,84	1.482,94	2.772,42	3.245,33
07/2025	SC	1.865,92	3.207,57	1.865,92	3.207,57	1.489,32	2.784,34	3.259,28
08/2025	SC	1.883,09	3.237,08	1.883,09	3.237,08	1.503,02	2.809,96	3.289,27
09/2025	SC	1.889,12	3.247,44	1.889,12	3.247,44	1.507,83	2.818,95	3.299,80
10/2025	SC	1.904,42	3.273,74	1.904,42	3.273,74	1.520,04	2.841,78	3.326,53
11/2025	SC	1.913,94	3.290,11	1.913,94	3.290,11	1.527,64	2.855,99	3.343,16
12/2025	SC	1.919,11	3.298,99	1.919,11	3.298,99	1.531,76	2.863,70	3.352,19
01/2026	SC	1.914,28	3.272,92	1.914,28	3.272,92	1.514,03	2.848,26	3.356,69
02/2026	SC	1.924,43	3.290,26	1.924,43	3.290,26	1.522,05	2.863,36	3.374,48
03/2026	SC	1.930,40	3.300,46	1.930,40	3.300,46	1.526,77	2.872,24	3.384,94
04/2026	SC	1.934,65	3.307,72	1.934,65	3.307,72	1.530,13	2.878,56	3.392,39
05/2026	SC	1.942,00	3.320,29	1.942,00	3.320,29	1.535,94	2.889,50	3.405,28
06/2026	SC	1.955,79	3.343,86	1.955,79	3.343,86	1.546,85	2.910,02	3.429,46
07/2026	SC	1.962,44	3.355,23	1.962,44	3.355,23	1.552,11	2.919,91	3.441,12
08/2026	SC	1.986,38	3.396,16	1.986,38	3.396,16	1.571,05	2.955,53	3.483,10
06/2021	SE	805,33	1.508,59	805,33	1.508,59	713,53	1.326,88	1.511,69
07/2021	SE	819,66	1.535,44	819,66	1.535,44	726,23	1.350,50	1.538,60
08/2021	SE	839,82	1.573,21	839,82	1.573,21	744,10	1.383,72	1.576,45
09/2021	SE	855,69	1.602,94	855,69	1.602,94	758,16	1.409,87	1.606,24
10/2021	SE	864,16	1.618,81	864,16	1.618,81	765,67	1.423,83	1.622,14
11/2021	SE	871,51	1.632,57	871,51	1.632,57	772,18	1.435,93	1.635,93
12/2021	SE	880,14	1.648,73	880,14	1.648,73	779,82	1.450,15	1.652,13
01/2022	SE	840,04	1.600,05	840,04	1.600,05	773,61	1.426,34	1.669,30
02/2022	SE	844,16	1.607,89	844,16	1.607,89	777,40	1.433,33	1.677,48
03/2022	SE	850,32	1.619,63	850,32	1.619,63	783,08	1.443,79	1.689,73
04/2022	SE	854,83	1.628,21	854,83	1.628,21	787,23	1.451,44	1.698,69
05/2022	SE	863,63	1.644,98	863,63	1.644,98	795,34	1.466,39	1.716,19
06/2022	SE	873,65	1.664,06	873,65	1.664,06	804,57	1.483,40	1.736,10
07/2022	SE	892,78	1.700,50	892,78	1.700,50	822,19	1.515,89	1.774,12
08/2022	SE	907,87	1.729,24	907,87	1.729,24	836,09	1.541,51	1.804,10
09/2022	SE	921,31	1.754,83	921,31	1.754,83	848,46	1.564,32	1.830,80
10/2022	SE	926,56	1.764,83	926,56	1.764,83	853,30	1.573,24	1.841,24
11/2022	SE	930,64	1.772,60	930,64	1.772,60	857,05	1.580,16	1.849,34
12/2022	SE	934,36	1.779,69	934,36	1.779,69	860,48	1.586,48	1.856,74
01/2023	SE	1.147,35	2.007,16	1.147,35	2.007,16	917,30	1.834,36	2.041,82
02/2023	SE	1.148,27	2.008,77	1.148,27	2.008,77	918,03	1.835,83	2.043,45
03/2023	SE	1.152,17	2.015,60	1.152,17	2.015,60	921,15	1.842,07	2.050,40
04/2023	SE	1.152,98	2.017,01	1.152,98	2.017,01	921,79	1.843,36	2.051,84
05/2023	SE	1.155,40	2.021,25	1.155,40	2.021,25	923,73	1.847,23	2.056,15
06/2023	SE	1.158,40	2.026,51	1.158,40	2.026,51	926,13	1.852,03	2.061,50
07/2023	SE	1.163,15	2.034,82	1.163,15	2.034,82	929,93	1.859,62	2.069,95
08/2023	SE	1.168,38	2.043,98	1.168,38	2.043,98	934,11	1.867,99	2.079,26
09/2023	SE	1.171,18	2.048,89	1.171,18	2.048,89	936,35	1.872,47	2.084,25
10/2023	SE	1.173,64	2.053,19	1.173,64	2.053,19	938,32	1.876,40	2.088,63
11/2023	SE	1.174,11	2.054,01	1.174,11	2.054,01	938,70	1.877,15	2.089,47
12/2023	SE	1.175,87	2.057,09	1.175,87	2.057,09	940,11	1.879,97	2.092,60
01/2024	SE	1.219,23	2.165,18	1.219,23	2.165,18	1.003,41	1.956,42	2.208,73
02/2024	SE	1.222,40	2.170,81	1.222,40	2.170,81	1.006,02	1.961,51	2.214,47
03/2024	SE	1.224,84	2.175,15	1.224,84	2.175,15	1.008,03	1.965,43	2.218,90
04/2024	SE	1.226,55	2.178,20	1.226,55	2.178,20	1.009,44	1.968,18	2.222,01
05/2024	SE	1.227,41	2.179,72	1.227,41	2.179,72	1.010,15	1.969,56	2.223,57
06/2024	SE	1.232,69	2.189,09	1.232,69	2.189,09	1.014,49	1.978,03	2.233,13
07/2024	SE	1.234,91	2.193,03	1.234,91	2.193,03	1.016,32	1.981,59	2.237,15
08/2024	SE	1.242,44	2.206,41	1.242,44	2.206,41	1.022,52	1.993,68	2.250,80
09/2024	SE	1.247,53	2.215,46	1.247,53	2.215,46	1.026,71	2.001,85	2.260,03
10/2024	SE	1.255,51	2.229,64	1.255,51	2.229,64	1.033,28	2.014,66	2.274,49
11/2024	SE	1.259,65	2.237,00	1.259,65	2.237,00	1.036,69	2.021,31	2.282,00
12/2024	SE	1.266,07	2.248,41	1.266,07	2.248,41	1.041,98	2.031,62	2.293,64
01/2025	SE	1.263,86	2.287,73	1.263,86	2.287,73	1.056,15	2.056,19	2.300,23
02/2025	SE	1.266,51	2.292,53	1.266,51	2.292,53	1.058,37	2.060,51	2.305,06
03/2025	SE	1.273,35	2.304,91	1.273,35	2.304,91	1.064,09	2.071,64	2.317,51
04/2025	SE	1.276,15	2.309,98	1.276,15	2.309,98	1.066,43	2.076,20	2.322,61
05/2025	SE	1.280,62	2.318,06	1.280,62	2.318,06	1.070,16	2.083,47	2.330,74
06/2025	SE	1.286,77	2.329,19	1.286,77	2.329,19	1.075,30	2.093,47	2.341,93
07/2025	SE	1.292,30	2.339,21	1.292,30	2.339,21	1.079,92	2.102,47	2.352,00
08/2025	SE	1.304,19	2.360,73	1.304,19	2.360,73	1.089,86	2.121,81	2.373,64
09/2025	SE	1.308,36	2.368,28	1.308,36	2.368,28	1.093,35	2.128,60	2.381,24
10/2025	SE	1.318,96	2.387,46	1.318,96	2.387,46	1.102,21	2.145,84	2.400,53
11/2025	SE	1.325,55	2.399,40	1.325,55	2.399,40	1.107,72	2.156,57	2.412,53
12/2025	SE	1.329,13	2.405,88	1.329,13	2.405,88	1.110,71	2.162,39	2.419,04
01/2026	SE	1.340,12	2.480,94	1.340,12	2.480,94	1.140,69	2.215,18	2.445,47
02/2026	SE	1.347,22	2.494,09	1.347,22	2.494,09	1.146,74	2.226,92	2.458,44
03/2026	SE	1.351,40	2.501,82	1.351,40	2.501,82	1.150,29	2.233,82	2.466,06
04/2026	SE	1.354,37	2.507,32	1.354,37	2.507,32	1.152,82	2.238,73	2.471,49
05/2026	SE	1.359,52	2.516,85	1.359,52	2.516,85	1.157,20	2.247,24	2.480,88
06/2026	SE	1.369,17	2.534,72	1.369,17	2.534,72	1.165,42	2.263,20	2.498,49
07/2026	SE	1.373,83	2.543,34	1.373,83	2.543,34	1.169,38	2.270,89	2.506,98
08/2026	SE	1.390,59	2.574,37	1.390,59	2.574,37	1.183,65	2.298,59	2.537,57
06/2021	TO	1.086,38	1.850,80	1.086,38	1.850,80	854,58	1.631,89	1.900,04
07/2021	TO	1.105,72	1.883,74	1.105,72	1.883,74	869,79	1.660,94	1.933,86
08/2021	TO	1.132,92	1.930,08	1.132,92	1.930,08	891,19	1.701,80	1.981,43
09/2021	TO	1.154,33	1.966,56	1.154,33	1.966,56	908,03	1.733,96	2.018,88
10/2021	TO	1.165,76	1.986,03	1.165,76	1.986,03	917,02	1.751,13	2.038,87
11/2021	TO	1.175,67	2.002,91	1.175,67	2.002,91	924,81	1.766,01	2.056,20
12/2021	TO	1.187,31	2.022,74	1.187,31	2.022,74	933,97	1.783,49	2.076,56
01/2022	TO	1.144,57	1.970,18	1.144,57	1.970,18	935,28	1.739,99	2.025,86
02/2022	TO	1.150,18	1.979,83	1.150,18	1.979,83	939,86	1.748,52	2.035,79
03/2022	TO	1.158,58	1.994,28	1.158,58	1.994,28	946,72	1.761,28	2.050,65
04/2022	TO	1.164,72	2.004,85	1.164,72	2.004,85	951,74	1.770,61	2.061,52
05/2022	TO	1.176,72	2.025,50	1.176,72	2.025,50	961,54	1.788,85	2.082,75
06/2022	TO	1.190,37	2.049,00	1.190,37	2.049,00	972,69	1.809,60	2.106,91
07/2022	TO	1.216,44	2.093,87	1.216,44	2.093,87	993,99	1.849,23	2.153,05
08/2022	TO	1.237,00	2.129,26	1.237,00	2.129,26	1.010,79	1.880,48	2.189,44
09/2022	TO	1.255,31	2.160,77	1.255,31	2.160,77	1.025,75	1.908,31	2.221,84
10/2022	TO	1.262,47	2.173,09	1.262,47	2.173,09	1.031,60	1.919,19	2.234,50
11/2022	TO	1.268,02	2.182,65	1.268,02	2.182,65	1.036,14	1.927,63	2.244,33
12/2022	TO	1.273,09	2.191,38	1.273,09	2.191,38	1.040,28	1.935,34	2.253,31
01/2023	TO	1.234,65	2.200,06	1.234,65	2.200,06	1.024,29	1.947,96	2.261,71
02/2023	TO	1.235,64	2.201,82	1.235,64	2.201,82	1.025,11	1.949,52	2.263,52
03/2023	TO	1.239,84	2.209,31	1.239,84	2.209,31	1.028,60	1.956,15	2.271,22
04/2023	TO	1.240,71	2.210,86	1.240,71	2.210,86	1.029,32	1.957,52	2.272,81
05/2023	TO	1.243,32	2.215,50	1.243,32	2.215,50	1.031,48	1.961,63	2.277,58
06/2023	TO	1.246,55	2.221,26	1.246,55	2.221,26	1.034,16	1.966,73	2.283,50
07/2023	TO	1.251,66	2.230,37	1.251,66	2.230,37	1.038,40	1.974,79	2.292,86
08/2023	TO	1.257,29	2.240,41	1.257,29	2.240,41	1.043,07	1.983,68	2.303,18
09/2023	TO	1.260,31	2.245,79	1.260,31	2.245,79	1.045,57	1.988,44	2.308,71
10/2023	TO	1.262,96	2.250,51	1.262,96	2.250,51	1.047,77	1.992,62	2.313,56
11/2023	TO	1.263,47	2.251,41	1.263,47	2.251,41	1.048,19	1.993,42	2.314,49
12/2023	TO	1.265,37	2.254,79	1.265,37	2.254,79	1.049,76	1.996,41	2.317,96
01/2024	TO	1.265,64	2.265,08	1.265,64	2.265,08	1.052,39	2.000,95	2.329,18
02/2024	TO	1.268,93	2.270,97	1.268,93	2.270,97	1.055,13	2.006,15	2.335,24
03/2024	TO	1.271,47	2.275,51	1.271,47	2.275,51	1.057,24	2.010,16	2.339,91
04/2024	TO	1.273,25	2.278,70	1.273,25	2.278,70	1.058,72	2.012,97	2.343,19
05/2024	TO	1.274,14	2.280,30	1.274,14	2.280,30	1.059,46	2.014,38	2.344,83
06/2024	TO	1.279,62	2.290,11	1.279,62	2.290,11	1.064,02	2.023,04	2.354,91
07/2024	TO	1.281,92	2.294,23	1.281,92	2.294,23	1.065,94	2.026,68	2.359,15
08/2024	TO	1.289,74	2.308,22	1.289,74	2.308,22	1.072,44	2.039,04	2.373,54
09/2024	TO	1.295,03	2.317,68	1.295,03	2.317,68	1.076,84	2.047,40	2.383,27
10/2024	TO	1.303,32	2.332,51	1.303,32	2.332,51	1.083,73	2.060,50	2.398,52
11/2024	TO	1.307,62	2.340,21	1.307,62	2.340,21	1.087,31	2.067,30	2.406,44
12/2024	TO	1.314,29	2.352,15	1.314,29	2.352,15	1.092,86	2.077,84	2.418,71
01/2025	TO	1.331,06	2.374,23	1.331,06	2.374,23	1.116,30	2.096,18	2.483,20
02/2025	TO	1.333,86	2.379,22	1.333,86	2.379,22	1.118,64	2.100,58	2.488,41
03/2025	TO	1.341,06	2.392,07	1.341,06	2.392,07	1.124,68	2.111,92	2.501,85
04/2025	TO	1.344,01	2.397,33	1.344,01	2.397,33	1.127,15	2.116,57	2.507,35
05/2025	TO	1.348,71	2.405,72	1.348,71	2.405,72	1.131,10	2.123,98	2.516,13
06/2025	TO	1.355,18	2.417,27	1.355,18	2.417,27	1.136,53	2.134,18	2.528,21
07/2025	TO	1.361,01	2.427,66	1.361,01	2.427,66	1.141,42	2.143,36	2.539,08
08/2025	TO	1.373,53	2.449,99	1.373,53	2.449,99	1.151,92	2.163,08	2.562,44
09/2025	TO	1.377,93	2.457,83	1.377,93	2.457,83	1.155,61	2.170,00	2.570,64
10/2025	TO	1.389,09	2.477,74	1.389,09	2.477,74	1.164,97	2.187,58	2.591,46
11/2025	TO	1.396,04	2.490,13	1.396,04	2.490,13	1.170,79	2.198,52	2.604,42
12/2025	TO	1.399,81	2.496,85	1.399,81	2.496,85	1.173,95	2.204,46	2.611,45
01/2026	TO	1.456,86	2.595,61	1.456,86	2.595,61	1.213,00	2.279,97	2.730,88
02/2026	TO	1.464,58	2.609,37	1.464,58	2.609,37	1.219,43	2.292,05	2.745,35
03/2026	TO	1.469,12	2.617,46	1.469,12	2.617,46	1.223,21	2.299,16	2.753,86
04/2026	TO	1.472,35	2.623,22	1.472,35	2.623,22	1.225,90	2.304,22	2.759,92
05/2026	TO	1.477,94	2.633,19	1.477,94	2.633,19	1.230,56	2.312,98	2.770,41
06/2026	TO	1.488,43	2.651,89	1.488,43	2.651,89	1.239,30	2.329,40	2.790,08
07/2026	TO	1.493,49	2.660,91	1.493,49	2.660,91	1.243,51	2.337,32	2.799,57
08/2026	TO	1.511,71	2.693,37	1.511,71	2.693,37	1.258,68	2.365,84	2.833,72
06/2021	SP	1.030,70	1.871,57	1.030,70	1.871,57	877,25	1.628,04	1.838,36
07/2021	SP	1.049,05	1.904,88	1.049,05	1.904,88	892,87	1.657,02	1.871,08
08/2021	SP	1.074,86	1.951,74	1.074,86	1.951,74	914,83	1.697,78	1.917,11
09/2021	SP	1.095,17	1.988,63	1.095,17	1.988,63	932,12	1.729,87	1.953,34
10/2021	SP	1.106,01	2.008,32	1.106,01	2.008,32	941,35	1.747,00	1.972,68
11/2021	SP	1.115,41	2.025,39	1.115,41	2.025,39	949,35	1.761,85	1.989,45
12/2021	SP	1.126,45	2.045,44	1.126,45	2.045,44	958,75	1.779,29	2.009,15
01/2022	SP	1.183,92	2.158,16	1.183,92	2.158,16	1.016,43	1.872,76	2.131,32
02/2022	SP	1.189,72	2.168,73	1.189,72	2.168,73	1.021,41	1.881,94	2.141,76
03/2022	SP	1.198,40	2.184,56	1.198,40	2.184,56	1.028,87	1.895,68	2.157,39
04/2022	SP	1.204,75	2.196,14	1.204,75	2.196,14	1.034,32	1.905,73	2.168,82
05/2022	SP	1.217,16	2.218,76	1.217,16	2.218,76	1.044,97	1.925,36	2.191,16
06/2022	SP	1.231,28	2.244,50	1.231,28	2.244,50	1.057,09	1.947,69	2.216,58
07/2022	SP	1.258,25	2.293,65	1.258,25	2.293,65	1.080,24	1.990,34	2.265,12
08/2022	SP	1.279,51	2.332,41	1.279,51	2.332,41	1.098,50	2.023,98	2.303,40
09/2022	SP	1.298,45	2.366,93	1.298,45	2.366,93	1.114,76	2.053,93	2.337,49
10/2022	SP	1.305,85	2.380,42	1.305,85	2.380,42	1.121,11	2.065,64	2.350,81
11/2022	SP	1.311,60	2.390,89	1.311,60	2.390,89	1.126,04	2.074,73	2.361,15
12/2022	SP	1.316,85	2.400,45	1.316,85	2.400,45	1.130,54	2.083,03	2.370,59
01/2023	SP	1.293,46	2.337,97	1.293,46	2.337,97	1.110,15	2.043,83	2.336,49
02/2023	SP	1.294,49	2.339,84	1.294,49	2.339,84	1.111,04	2.045,47	2.338,36
03/2023	SP	1.298,89	2.347,80	1.298,89	2.347,80	1.114,82	2.052,42	2.346,31
04/2023	SP	1.299,80	2.349,44	1.299,80	2.349,44	1.115,60	2.053,86	2.347,95
05/2023	SP	1.302,53	2.354,37	1.302,53	2.354,37	1.117,94	2.058,17	2.352,88
06/2023	SP	1.305,92	2.360,49	1.305,92	2.360,49	1.120,85	2.063,52	2.359,00
07/2023	SP	1.311,27	2.370,17	1.311,27	2.370,17	1.125,45	2.071,98	2.368,67
08/2023	SP	1.317,17	2.380,84	1.317,17	2.380,84	1.130,51	2.081,30	2.379,33
09/2023	SP	1.320,33	2.386,55	1.320,33	2.386,55	1.133,22	2.086,30	2.385,04
10/2023	SP	1.323,10	2.391,56	1.323,10	2.391,56	1.135,60	2.090,68	2.390,05
11/2023	SP	1.323,63	2.392,52	1.323,63	2.392,52	1.136,05	2.091,52	2.391,01
12/2023	SP	1.325,62	2.396,11	1.325,62	2.396,11	1.137,75	2.094,66	2.394,60
01/2024	SP	1.330,05	2.390,75	1.330,05	2.390,75	1.128,38	2.092,39	2.396,13
02/2024	SP	1.333,51	2.396,97	1.333,51	2.396,97	1.131,31	2.097,83	2.402,36
03/2024	SP	1.336,18	2.401,76	1.336,18	2.401,76	1.133,57	2.102,03	2.407,16
04/2024	SP	1.338,05	2.405,12	1.338,05	2.405,12	1.135,16	2.104,97	2.410,53
05/2024	SP	1.338,99	2.406,80	1.338,99	2.406,80	1.135,95	2.106,44	2.412,22
06/2024	SP	1.344,75	2.417,15	1.344,75	2.417,15	1.140,83	2.115,50	2.422,59
07/2024	SP	1.347,17	2.421,50	1.347,17	2.421,50	1.142,88	2.119,31	2.426,95
08/2024	SP	1.355,39	2.436,27	1.355,39	2.436,27	1.149,85	2.132,24	2.441,75
09/2024	SP	1.360,95	2.446,26	1.360,95	2.446,26	1.154,56	2.140,98	2.451,76
10/2024	SP	1.369,66	2.461,92	1.369,66	2.461,92	1.161,95	2.154,68	2.467,45
11/2024	SP	1.374,18	2.470,04	1.374,18	2.470,04	1.165,78	2.161,79	2.475,59
12/2024	SP	1.381,19	2.482,64	1.381,19	2.482,64	1.171,73	2.172,82	2.488,22
01/2025	SP	1.389,46	2.487,55	1.389,46	2.487,55	1.173,28	2.178,36	2.485,50
02/2025	SP	1.392,38	2.492,77	1.392,38	2.492,77	1.175,74	2.182,93	2.490,72
03/2025	SP	1.399,90	2.506,23	1.399,90	2.506,23	1.182,09	2.194,72	2.504,17
04/2025	SP	1.402,98	2.511,74	1.402,98	2.511,74	1.184,69	2.199,55	2.509,68
05/2025	SP	1.407,89	2.520,53	1.407,89	2.520,53	1.188,84	2.207,25	2.518,46
06/2025	SP	1.414,65	2.532,63	1.414,65	2.532,63	1.194,55	2.217,84	2.530,55
07/2025	SP	1.420,73	2.543,52	1.420,73	2.543,52	1.199,69	2.227,38	2.541,43
08/2025	SP	1.433,80	2.566,92	1.433,80	2.566,92	1.210,73	2.247,87	2.564,81
09/2025	SP	1.438,39	2.575,13	1.438,39	2.575,13	1.214,60	2.255,06	2.573,02
10/2025	SP	1.450,04	2.595,99	1.450,04	2.595,99	1.224,44	2.273,33	2.593,86
11/2025	SP	1.457,29	2.608,97	1.457,29	2.608,97	1.230,56	2.284,70	2.606,83
12/2025	SP	1.461,22	2.616,01	1.461,22	2.616,01	1.233,88	2.290,87	2.613,87
01/2026	SP	1.455,79	2.577,41	1.455,79	2.577,41	1.214,26	2.264,11	2.595,91
02/2026	SP	1.463,51	2.591,06	1.463,51	2.591,06	1.220,70	2.276,11	2.609,68
03/2026	SP	1.468,05	2.599,09	1.468,05	2.599,09	1.224,48	2.283,17	2.617,77
04/2026	SP	1.471,28	2.604,81	1.471,28	2.604,81	1.227,17	2.288,19	2.623,53
05/2026	SP	1.476,87	2.614,71	1.476,87	2.614,71	1.231,83	2.296,89	2.633,50
06/2026	SP	1.487,36	2.633,27	1.487,36	2.633,27	1.240,58	2.313,20	2.652,20
07/2026	SP	1.492,42	2.642,22	1.492,42	2.642,22	1.244,80	2.321,06	2.661,22
08/2026	SP	1.510,63	2.674,46	1.510,63	2.674,46	1.259,99	2.349,38	2.693,69
